medicine,sample_id,wavelength_405nm,wavelength_450nm,wavelength_530nm,wavelength_660nm,wavelength_850nm,wavelength_940nm,label
paracetamol_500mg,substandard_0648,0.33443,0.45163,0.59159,0.64213,0.49823,0.43046,substandard
paracetamol_500mg,substandard_0265,0.34894,0.46015,0.54722,0.71325,0.52554,0.45884,substandard
paracetamol_500mg,original_0904,0.29675,0.4159,0.59846,0.71818,0.46364,0.43313,original
paracetamol_500mg,original_0981,0.30292,0.45539,0.60975,0.72615,0.48284,0.38691,original
paracetamol_500mg,different_0922,0.26871,0.37991,0.70674,0.7901,0.57367,0.46884,different
paracetamol_500mg,different_0297,0.21938,0.37918,0.63889,0.75969,0.55881,0.49459,different
paracetamol_500mg,substandard_0211,0.3255,0.42446,0.54086,0.68178,0.50745,0.42152,substandard
paracetamol_500mg,different_0331,0.26139,0.37464,0.63897,0.79992,0.58492,0.49091,different
paracetamol_500mg,different_0035,0.26114,0.38103,0.68186,0.77522,0.55711,0.4575,different
paracetamol_500mg,different_0656,0.26255,0.42221,0.68965,0.76556,0.56818,0.50785,different
paracetamol_500mg,different_0507,0.29168,0.3827,0.67243,0.76667,0.57975,0.45847,different
paracetamol_500mg,original_0574,0.28706,0.39921,0.63858,0.71155,0.47245,0.34102,original
paracetamol_500mg,substandard_0689,0.33594,0.43888,0.56532,0.67426,0.48917,0.43632,substandard
paracetamol_500mg,substandard_0109,0.3012,0.47253,0.61361,0.68316,0.51421,0.41758,substandard
paracetamol_500mg,original_0510,0.33369,0.41365,0.61101,0.72122,0.46728,0.40109,original
paracetamol_500mg,different_0142,0.31649,0.37286,0.69308,0.76274,0.56654,0.51856,different
paracetamol_500mg,substandard_0395,0.33434,0.44794,0.56821,0.69104,0.52828,0.39052,substandard
paracetamol_500mg,different_0545,0.26163,0.3842,0.69957,0.75798,0.58344,0.47294,different
paracetamol_500mg,different_0827,0.25904,0.33475,0.65814,0.75799,0.54223,0.44644,different
paracetamol_500mg,original_0664,0.31631,0.4086,0.65411,0.70906,0.45448,0.37463,original
paracetamol_500mg,original_0604,0.32741,0.42941,0.54323,0.72456,0.47813,0.35789,original
paracetamol_500mg,original_0693,0.30444,0.40009,0.5894,0.70859,0.42892,0.36181,original
paracetamol_500mg,different_0356,0.28207,0.4123,0.68873,0.77305,0.57068,0.43992,different
paracetamol_500mg,substandard_0335,0.36336,0.4446,0.55054,0.72042,0.51044,0.39755,substandard
paracetamol_500mg,original_0816,0.28917,0.47231,0.61224,0.73047,0.48435,0.42847,original
paracetamol_500mg,substandard_0609,0.33382,0.4635,0.53599,0.66941,0.50566,0.41742,substandard
paracetamol_500mg,substandard_0367,0.31372,0.50321,0.57168,0.70092,0.50294,0.4004,substandard
paracetamol_500mg,substandard_0262,0.34596,0.4684,0.56817,0.68076,0.52329,0.43763,substandard
paracetamol_500mg,different_0710,0.29372,0.39344,0.69894,0.80716,0.5915,0.5122,different
paracetamol_500mg,different_0457,0.26331,0.39808,0.66347,0.81438,0.5876,0.4615,different
paracetamol_500mg,different_0852,0.2878,0.412,0.70554,0.75911,0.61276,0.51364,different
paracetamol_500mg,different_0932,0.28055,0.42133,0.66422,0.78051,0.59489,0.50454,different
paracetamol_500mg,substandard_0889,0.37137,0.49729,0.59666,0.72679,0.55388,0.42353,substandard
paracetamol_500mg,substandard_0081,0.32763,0.43999,0.53795,0.67001,0.51658,0.46733,substandard
paracetamol_500mg,different_0377,0.25845,0.34679,0.70777,0.76991,0.5256,0.48179,different
paracetamol_500mg,original_0217,0.3072,0.41335,0.61406,0.76822,0.48616,0.41798,original
paracetamol_500mg,different_0987,0.27974,0.40472,0.69693,0.77677,0.58938,0.47462,different
paracetamol_500mg,original_0739,0.28252,0.36613,0.59157,0.75512,0.42065,0.34721,original
paracetamol_500mg,different_0076,0.3126,0.39108,0.67545,0.73191,0.58405,0.45105,different
paracetamol_500mg,different_0928,0.24856,0.37369,0.71171,0.78519,0.5701,0.4472,different
paracetamol_500mg,original_0745,0.29638,0.42974,0.62988,0.69864,0.48848,0.37735,original
paracetamol_500mg,original_0995,0.32949,0.42913,0.57076,0.78352,0.49151,0.40602,original
paracetamol_500mg,substandard_0343,0.31606,0.44648,0.54996,0.63193,0.52144,0.40471,substandard
paracetamol_500mg,different_0485,0.25523,0.35606,0.66413,0.76222,0.5724,0.44101,different
paracetamol_500mg,different_0381,0.27313,0.37346,0.66946,0.80548,0.56926,0.45061,different
paracetamol_500mg,substandard_0823,0.36145,0.46204,0.58307,0.76332,0.57157,0.41442,substandard
paracetamol_500mg,substandard_0945,0.3461,0.48207,0.59625,0.71491,0.53657,0.45365,substandard
paracetamol_500mg,substandard_0006,0.34048,0.45122,0.59743,0.73022,0.49195,0.45191,substandard
paracetamol_500mg,different_0006,0.30999,0.33438,0.67788,0.73476,0.56477,0.50123,different
paracetamol_500mg,substandard_0559,0.32407,0.44896,0.56976,0.63633,0.46164,0.41187,substandard
paracetamol_500mg,original_0516,0.29238,0.41253,0.63279,0.73947,0.45734,0.37678,original
paracetamol_500mg,different_0584,0.26947,0.41194,0.6831,0.79912,0.59861,0.46957,different
paracetamol_500mg,different_0980,0.25214,0.35532,0.63928,0.77009,0.56962,0.46072,different
paracetamol_500mg,original_0491,0.34876,0.4128,0.61358,0.76916,0.54519,0.4612,original
paracetamol_500mg,different_0787,0.23721,0.40508,0.6406,0.7738,0.55632,0.45634,different
paracetamol_500mg,original_0426,0.28952,0.44407,0.63431,0.73918,0.46797,0.38027,original
paracetamol_500mg,substandard_0089,0.34733,0.45609,0.57278,0.68731,0.503,0.45275,substandard
paracetamol_500mg,different_0676,0.3189,0.38661,0.73889,0.82129,0.56151,0.51427,different
paracetamol_500mg,different_0061,0.27665,0.36115,0.71032,0.78163,0.5995,0.48111,different
paracetamol_500mg,original_0946,0.29089,0.43417,0.64766,0.77383,0.53327,0.38895,original
paracetamol_500mg,different_0480,0.29166,0.371,0.66192,0.78378,0.63217,0.52909,different
paracetamol_500mg,substandard_0803,0.34302,0.44751,0.56459,0.70049,0.53837,0.43975,substandard
paracetamol_500mg,different_0136,0.25382,0.3715,0.6376,0.77995,0.61471,0.53508,different
paracetamol_500mg,original_0386,0.30517,0.39991,0.61015,0.74445,0.491,0.40152,original
paracetamol_500mg,original_0568,0.2992,0.40888,0.6069,0.74701,0.50755,0.39654,original
paracetamol_500mg,substandard_0572,0.3821,0.45148,0.6276,0.70545,0.57828,0.49279,substandard
paracetamol_500mg,substandard_0413,0.32786,0.47362,0.55386,0.67701,0.54689,0.39288,substandard
paracetamol_500mg,different_0161,0.25834,0.35942,0.70241,0.80825,0.56817,0.49766,different
paracetamol_500mg,original_0731,0.27425,0.41545,0.59783,0.71216,0.45367,0.38821,original
paracetamol_500mg,different_0540,0.26349,0.39818,0.6657,0.77588,0.54222,0.49146,different
paracetamol_500mg,different_0712,0.27779,0.3954,0.68347,0.79582,0.57578,0.47855,different
paracetamol_500mg,substandard_0155,0.3087,0.4902,0.54116,0.64756,0.52287,0.39813,substandard
paracetamol_500mg,original_0302,0.28606,0.45495,0.63984,0.74661,0.48754,0.37498,original
paracetamol_500mg,different_0251,0.24765,0.33031,0.68914,0.78041,0.60234,0.47092,different
paracetamol_500mg,original_0794,0.31275,0.41652,0.57385,0.70507,0.50984,0.40081,original
paracetamol_500mg,substandard_0569,0.28859,0.49083,0.52448,0.67326,0.52487,0.40726,substandard
paracetamol_500mg,substandard_0671,0.29098,0.45913,0.5615,0.70056,0.50614,0.36662,substandard
paracetamol_500mg,original_0836,0.34213,0.42553,0.6134,0.75356,0.53661,0.40475,original
paracetamol_500mg,original_0894,0.28718,0.389,0.60327,0.71579,0.47339,0.38561,original
paracetamol_500mg,original_0121,0.31232,0.44071,0.60491,0.70635,0.51374,0.37434,original
paracetamol_500mg,different_0725,0.27924,0.37824,0.72278,0.76914,0.59616,0.53557,different
paracetamol_500mg,substandard_0365,0.32726,0.46859,0.61917,0.70279,0.52529,0.46609,substandard
paracetamol_500mg,substandard_0163,0.34838,0.51391,0.55722,0.69459,0.48922,0.40963,substandard
paracetamol_500mg,substandard_0608,0.39448,0.45035,0.56868,0.74193,0.55857,0.4566,substandard
paracetamol_500mg,original_0953,0.3087,0.404,0.61566,0.7498,0.47489,0.3858,original
paracetamol_500mg,original_0306,0.29151,0.41386,0.63657,0.72633,0.50055,0.40513,original
paracetamol_500mg,different_0437,0.21629,0.36947,0.65185,0.78367,0.51609,0.41411,different
paracetamol_500mg,original_0182,0.30416,0.42168,0.60703,0.72378,0.51822,0.39243,original
paracetamol_500mg,original_0414,0.31936,0.40685,0.6241,0.72371,0.4941,0.41783,original
paracetamol_500mg,original_0146,0.31929,0.43583,0.65491,0.72364,0.51316,0.40746,original
paracetamol_500mg,different_0651,0.30296,0.32712,0.65598,0.78249,0.59972,0.46964,different
paracetamol_500mg,different_0152,0.28208,0.35966,0.66862,0.76326,0.56982,0.49485,different
paracetamol_500mg,original_0729,0.26598,0.39053,0.57191,0.68257,0.46278,0.38358,original
paracetamol_500mg,substandard_0706,0.35165,0.50026,0.59493,0.73611,0.52913,0.4217,substandard
paracetamol_500mg,substandard_0544,0.36588,0.48909,0.61701,0.71473,0.56857,0.40898,substandard
paracetamol_500mg,substandard_0248,0.33072,0.39128,0.53215,0.66043,0.48456,0.4439,substandard
paracetamol_500mg,different_0344,0.24349,0.31484,0.65525,0.77625,0.52471,0.47881,different
paracetamol_500mg,different_0659,0.25911,0.3337,0.61767,0.77004,0.54364,0.44481,different
paracetamol_500mg,substandard_0094,0.30091,0.41799,0.62399,0.68703,0.5056,0.43878,substandard
paracetamol_500mg,original_0211,0.32365,0.42657,0.60974,0.73116,0.47197,0.36281,original
paracetamol_500mg,substandard_0247,0.36529,0.47153,0.55051,0.68879,0.54722,0.42635,substandard
paracetamol_500mg,substandard_0201,0.34948,0.41914,0.56379,0.6867,0.50662,0.43264,substandard
paracetamol_500mg,substandard_0125,0.36601,0.45523,0.56241,0.67751,0.50445,0.43325,substandard
paracetamol_500mg,original_0404,0.29616,0.3975,0.60007,0.73373,0.46743,0.41353,original
paracetamol_500mg,original_0239,0.30003,0.43369,0.61082,0.72575,0.48468,0.35491,original
paracetamol_500mg,substandard_0924,0.35875,0.43801,0.57097,0.67649,0.55366,0.41244,substandard
paracetamol_500mg,original_0959,0.25805,0.37337,0.59435,0.70457,0.44215,0.3754,original
paracetamol_500mg,original_0249,0.32045,0.38263,0.63853,0.70788,0.47833,0.39494,original
paracetamol_500mg,different_0433,0.25677,0.42423,0.68972,0.80339,0.56611,0.48463,different
paracetamol_500mg,different_0643,0.26947,0.366,0.66389,0.7823,0.56615,0.48859,different
paracetamol_500mg,substandard_0946,0.32573,0.42515,0.56128,0.67311,0.50342,0.43881,substandard
paracetamol_500mg,different_0206,0.34364,0.38695,0.6928,0.77334,0.55598,0.49185,different
paracetamol_500mg,different_0607,0.27713,0.37572,0.66116,0.79787,0.55131,0.4931,different
paracetamol_500mg,different_0232,0.26496,0.35395,0.65857,0.78183,0.54344,0.4922,different
paracetamol_500mg,substandard_0079,0.3448,0.43537,0.6071,0.6757,0.52394,0.44452,substandard
paracetamol_500mg,substandard_0843,0.32685,0.4248,0.60955,0.66889,0.54139,0.42084,substandard
paracetamol_500mg,substandard_0736,0.34199,0.42135,0.59008,0.71909,0.53862,0.43066,substandard
paracetamol_500mg,substandard_0073,0.41073,0.45165,0.61273,0.72119,0.57783,0.45792,substandard
paracetamol_500mg,different_0821,0.249,0.33464,0.65951,0.77001,0.51902,0.42811,different
paracetamol_500mg,different_0473,0.24946,0.35639,0.63087,0.7463,0.55234,0.46449,different
paracetamol_500mg,original_0428,0.29378,0.4169,0.61093,0.74155,0.49378,0.34724,original
paracetamol_500mg,different_0300,0.22962,0.36575,0.65367,0.75881,0.57799,0.50492,different
paracetamol_500mg,original_0319,0.28819,0.47301,0.55914,0.73514,0.49242,0.3977,original
paracetamol_500mg,original_0657,0.27914,0.36001,0.56998,0.69063,0.43787,0.29947,original
paracetamol_500mg,original_0787,0.34254,0.45032,0.62655,0.73634,0.51999,0.39438,original
paracetamol_500mg,original_0360,0.30388,0.42756,0.64979,0.75273,0.48396,0.40343,original
paracetamol_500mg,different_0724,0.2935,0.35161,0.68967,0.76896,0.54258,0.51955,different
paracetamol_500mg,different_0103,0.31801,0.41697,0.74703,0.83946,0.57173,0.52655,different
paracetamol_500mg,original_0215,0.3278,0.39446,0.61823,0.74221,0.48525,0.3785,original
paracetamol_500mg,original_0355,0.34821,0.43356,0.61834,0.72796,0.44487,0.40598,original
paracetamol_500mg,different_0782,0.32666,0.3826,0.71359,0.79814,0.60477,0.50305,different
paracetamol_500mg,substandard_0191,0.34441,0.44555,0.58512,0.67476,0.52835,0.42289,substandard
paracetamol_500mg,substandard_0104,0.33027,0.47009,0.57525,0.67205,0.51013,0.39211,substandard
paracetamol_500mg,original_0688,0.34032,0.3973,0.57699,0.71623,0.45434,0.34348,original
paracetamol_500mg,substandard_0161,0.36376,0.45966,0.59559,0.67044,0.52342,0.43693,substandard
paracetamol_500mg,substandard_0447,0.30022,0.43852,0.57917,0.68116,0.48809,0.45129,substandard
paracetamol_500mg,different_0706,0.30445,0.37276,0.69029,0.78712,0.61234,0.49947,different
paracetamol_500mg,different_0619,0.30178,0.39192,0.67842,0.75365,0.58805,0.50044,different
paracetamol_500mg,original_0380,0.31901,0.46411,0.56845,0.73563,0.47106,0.3655,original
paracetamol_500mg,substandard_0141,0.33589,0.47335,0.54318,0.74696,0.58033,0.44849,substandard
paracetamol_500mg,different_0180,0.26225,0.36981,0.65433,0.7763,0.54427,0.49667,different
paracetamol_500mg,substandard_0570,0.29945,0.43044,0.57241,0.69588,0.53242,0.36463,substandard
paracetamol_500mg,original_0625,0.32193,0.44993,0.59739,0.74015,0.47161,0.34309,original
paracetamol_500mg,substandard_0119,0.3413,0.48694,0.58679,0.70407,0.55653,0.40157,substandard
paracetamol_500mg,substandard_1000,0.35282,0.46175,0.61681,0.69246,0.5394,0.40651,substandard
paracetamol_500mg,different_0314,0.27807,0.36475,0.70067,0.7625,0.57397,0.46679,different
paracetamol_500mg,original_0141,0.3071,0.45281,0.61068,0.7406,0.47743,0.3667,original
paracetamol_500mg,different_0743,0.26068,0.33434,0.59059,0.75468,0.52426,0.44035,different
paracetamol_500mg,substandard_0496,0.32109,0.42629,0.56862,0.69242,0.51708,0.44626,substandard
paracetamol_500mg,substandard_0751,0.3278,0.45069,0.5514,0.65812,0.47657,0.44182,substandard
paracetamol_500mg,different_0029,0.24749,0.36893,0.70445,0.75278,0.57611,0.50716,different
paracetamol_500mg,different_0742,0.24253,0.37213,0.67619,0.74266,0.55282,0.47728,different
paracetamol_500mg,substandard_0323,0.34278,0.45169,0.5384,0.67692,0.52246,0.42921,substandard
paracetamol_500mg,substandard_0016,0.37763,0.45638,0.55397,0.70828,0.52185,0.46799,substandard
paracetamol_500mg,substandard_0784,0.34857,0.43388,0.56812,0.68279,0.55561,0.42169,substandard
paracetamol_500mg,original_0993,0.34441,0.47054,0.64691,0.79353,0.48979,0.38801,original
paracetamol_500mg,different_0981,0.26544,0.35179,0.68456,0.76285,0.56709,0.44202,different
paracetamol_500mg,different_0750,0.29161,0.41076,0.69254,0.77708,0.57518,0.54477,different
paracetamol_500mg,different_0021,0.28097,0.34889,0.70984,0.75297,0.60396,0.50523,different
paracetamol_500mg,different_0159,0.30743,0.38653,0.71453,0.80174,0.57001,0.51492,different
paracetamol_500mg,original_0196,0.32486,0.41637,0.5895,0.73569,0.49418,0.3996,original
paracetamol_500mg,original_0435,0.28508,0.41698,0.61179,0.78976,0.52568,0.41991,original
paracetamol_500mg,original_0950,0.32461,0.44276,0.58274,0.74299,0.50224,0.41428,original
paracetamol_500mg,original_0587,0.25482,0.36439,0.56484,0.64494,0.48516,0.3626,original
paracetamol_500mg,different_0306,0.25351,0.38699,0.6582,0.74351,0.58419,0.48684,different
paracetamol_500mg,original_0264,0.28931,0.39884,0.59662,0.65265,0.5046,0.37701,original
paracetamol_500mg,different_0323,0.21679,0.34134,0.61434,0.71998,0.58131,0.43236,different
paracetamol_500mg,original_0772,0.31714,0.40388,0.58283,0.7021,0.54007,0.36647,original
paracetamol_500mg,different_0413,0.23595,0.37299,0.66722,0.77253,0.56576,0.46554,different
paracetamol_500mg,original_0325,0.3077,0.42331,0.60132,0.77528,0.4824,0.37995,original
paracetamol_500mg,different_0190,0.30041,0.35879,0.69653,0.7877,0.56691,0.50175,different
paracetamol_500mg,original_0638,0.33028,0.4522,0.64969,0.71745,0.48762,0.41251,original
paracetamol_500mg,original_0990,0.32142,0.44844,0.63162,0.77293,0.48588,0.42573,original
paracetamol_500mg,substandard_0380,0.31043,0.4421,0.57586,0.68912,0.48619,0.42481,substandard
paracetamol_500mg,original_0200,0.29697,0.43791,0.63903,0.7491,0.45835,0.39397,original
paracetamol_500mg,substandard_0291,0.33143,0.44719,0.57809,0.67743,0.54448,0.40575,substandard
paracetamol_500mg,original_0819,0.33624,0.40635,0.60472,0.70548,0.4792,0.36682,original
paracetamol_500mg,original_0155,0.29829,0.42234,0.61642,0.73584,0.47073,0.40974,original
paracetamol_500mg,original_0369,0.2864,0.40358,0.57931,0.66453,0.45607,0.32494,original
paracetamol_500mg,substandard_0807,0.34361,0.49589,0.55243,0.68497,0.54589,0.45956,substandard
paracetamol_500mg,substandard_0660,0.30036,0.45622,0.57235,0.74285,0.47477,0.45994,substandard
paracetamol_500mg,substandard_0226,0.3188,0.4886,0.56578,0.64933,0.50702,0.42414,substandard
paracetamol_500mg,original_0378,0.2997,0.40755,0.59868,0.74688,0.50134,0.38791,original
paracetamol_500mg,original_0843,0.33104,0.44849,0.60076,0.77292,0.48074,0.36708,original
paracetamol_500mg,original_0293,0.29918,0.40788,0.58831,0.69251,0.42887,0.37882,original
paracetamol_500mg,original_0768,0.2993,0.38439,0.61434,0.74566,0.45952,0.40644,original
paracetamol_500mg,substandard_0276,0.29742,0.45471,0.5374,0.69886,0.51985,0.43718,substandard
paracetamol_500mg,substandard_0384,0.30659,0.443,0.54462,0.66571,0.475,0.38973,substandard
paracetamol_500mg,different_0153,0.25701,0.38305,0.63023,0.74906,0.53097,0.49443,different
paracetamol_500mg,substandard_0315,0.34318,0.43986,0.59409,0.69721,0.52803,0.46937,substandard
paracetamol_500mg,original_0031,0.32242,0.41951,0.60957,0.72865,0.45852,0.38396,original
paracetamol_500mg,substandard_0793,0.32479,0.45684,0.57659,0.69299,0.53634,0.40976,substandard
paracetamol_500mg,substandard_0389,0.37436,0.47164,0.57143,0.64562,0.54694,0.3863,substandard
paracetamol_500mg,substandard_0044,0.31374,0.42667,0.56486,0.68735,0.51008,0.42,substandard
paracetamol_500mg,different_0301,0.29504,0.33881,0.67191,0.76231,0.58356,0.51052,different
paracetamol_500mg,different_0039,0.341,0.41402,0.7183,0.80295,0.60529,0.54404,different
paracetamol_500mg,original_0870,0.31973,0.40993,0.58418,0.70295,0.48381,0.39516,original
paracetamol_500mg,different_0595,0.26169,0.37292,0.71276,0.74786,0.63139,0.48204,different
paracetamol_500mg,original_0883,0.28854,0.43167,0.59075,0.73322,0.44665,0.37181,original
paracetamol_500mg,substandard_0336,0.30648,0.43235,0.60464,0.65714,0.49267,0.41516,substandard
paracetamol_500mg,different_0172,0.25184,0.3956,0.68249,0.78268,0.626,0.43491,different
paracetamol_500mg,substandard_0749,0.37556,0.45147,0.58857,0.67139,0.50404,0.47903,substandard
paracetamol_500mg,substandard_0628,0.37597,0.46005,0.58553,0.67208,0.58815,0.44676,substandard
paracetamol_500mg,original_0401,0.32856,0.47448,0.57168,0.75435,0.49278,0.37308,original
paracetamol_500mg,different_0661,0.27839,0.4008,0.72809,0.74033,0.57887,0.45724,different
paracetamol_500mg,original_0365,0.30715,0.39744,0.62824,0.73176,0.47329,0.35573,original
paracetamol_500mg,different_0926,0.27225,0.43916,0.70113,0.80604,0.55943,0.50946,different
paracetamol_500mg,substandard_0200,0.37813,0.43648,0.58764,0.70774,0.53217,0.43111,substandard
paracetamol_500mg,original_0246,0.35058,0.44597,0.60404,0.74226,0.52322,0.42482,original
paracetamol_500mg,different_0316,0.2537,0.37123,0.67507,0.79414,0.54827,0.50789,different
paracetamol_500mg,original_0009,0.29452,0.38509,0.62488,0.67721,0.43242,0.41473,original
paracetamol_500mg,different_0224,0.22787,0.32212,0.61005,0.73064,0.49795,0.43878,different
paracetamol_500mg,original_0361,0.24629,0.38761,0.5788,0.67985,0.44856,0.40814,original
paracetamol_500mg,original_0394,0.3236,0.42373,0.59844,0.73936,0.43904,0.37546,original
paracetamol_500mg,different_0372,0.29075,0.36959,0.71268,0.84434,0.60986,0.54973,different
paracetamol_500mg,original_0571,0.2893,0.39388,0.61334,0.69979,0.47319,0.35407,original
paracetamol_500mg,substandard_0245,0.33405,0.46657,0.5924,0.69716,0.542,0.47448,substandard
paracetamol_500mg,different_0360,0.24088,0.39249,0.64119,0.75307,0.51005,0.46171,different
paracetamol_500mg,different_0177,0.20776,0.36442,0.64393,0.78372,0.56953,0.49943,different
paracetamol_500mg,original_0442,0.32616,0.38799,0.60086,0.7473,0.54747,0.41759,original
paracetamol_500mg,different_0770,0.29237,0.38973,0.67272,0.76927,0.55539,0.512,different
paracetamol_500mg,different_0949,0.28314,0.38374,0.7239,0.77876,0.56027,0.46353,different
paracetamol_500mg,different_0914,0.29591,0.34726,0.68738,0.73284,0.61319,0.47375,different
paracetamol_500mg,different_0978,0.27688,0.371,0.70069,0.7876,0.58708,0.4717,different
paracetamol_500mg,original_0893,0.26643,0.36776,0.58925,0.68596,0.47108,0.36772,original
paracetamol_500mg,different_0051,0.27282,0.40631,0.66784,0.75208,0.54049,0.50069,different
paracetamol_500mg,substandard_0331,0.26947,0.43266,0.53086,0.63053,0.47799,0.3918,substandard
paracetamol_500mg,substandard_0715,0.34203,0.46774,0.57465,0.6845,0.51118,0.43056,substandard
paracetamol_500mg,original_0972,0.31433,0.40682,0.57385,0.74091,0.52184,0.38938,original
paracetamol_500mg,original_0524,0.32419,0.45097,0.62463,0.7315,0.48462,0.42607,original
paracetamol_500mg,original_0632,0.26694,0.40791,0.62906,0.70817,0.43211,0.34733,original
paracetamol_500mg,substandard_0862,0.3024,0.4489,0.5893,0.6654,0.49833,0.41817,substandard
paracetamol_500mg,original_0254,0.30822,0.4306,0.64355,0.78072,0.48294,0.34826,original
paracetamol_500mg,substandard_0921,0.33212,0.4878,0.53449,0.66949,0.48221,0.4054,substandard
paracetamol_500mg,original_0219,0.36114,0.43941,0.61397,0.77587,0.50129,0.46198,original
paracetamol_500mg,substandard_0425,0.32997,0.42942,0.56741,0.62911,0.48203,0.37475,substandard
paracetamol_500mg,different_0849,0.26423,0.34149,0.63549,0.81214,0.56992,0.41758,different
paracetamol_500mg,original_0213,0.34395,0.40866,0.63971,0.78619,0.48469,0.41185,original
paracetamol_500mg,different_0803,0.28816,0.36919,0.64241,0.7567,0.53544,0.46643,different
paracetamol_500mg,substandard_0444,0.35413,0.48098,0.57747,0.73728,0.55167,0.45489,substandard
paracetamol_500mg,original_0119,0.3209,0.416,0.58101,0.7839,0.48758,0.40341,original
paracetamol_500mg,substandard_0481,0.29324,0.42931,0.51436,0.67884,0.48362,0.40625,substandard
paracetamol_500mg,different_0880,0.29882,0.3761,0.68668,0.80453,0.57217,0.47441,different
paracetamol_500mg,different_0059,0.22432,0.35744,0.66524,0.76445,0.5546,0.55444,different
paracetamol_500mg,substandard_0258,0.35639,0.45379,0.55864,0.70789,0.51165,0.44305,substandard
paracetamol_500mg,substandard_0491,0.34258,0.47868,0.58499,0.68439,0.54013,0.41452,substandard
paracetamol_500mg,substandard_0297,0.32146,0.43276,0.5314,0.67491,0.48048,0.3932,substandard
paracetamol_500mg,substandard_0358,0.34772,0.441,0.59683,0.69686,0.51206,0.41047,substandard
paracetamol_500mg,substandard_0549,0.32699,0.4743,0.54161,0.62793,0.53127,0.46362,substandard
paracetamol_500mg,original_0831,0.31411,0.40838,0.60071,0.77822,0.48912,0.35639,original
paracetamol_500mg,original_0014,0.29947,0.41107,0.60446,0.72104,0.48403,0.41724,original
paracetamol_500mg,different_0107,0.22947,0.39311,0.62108,0.76525,0.5704,0.47729,different
paracetamol_500mg,original_0454,0.29828,0.40996,0.58622,0.72415,0.45071,0.40873,original
paracetamol_500mg,different_0897,0.28599,0.32502,0.59284,0.74271,0.53841,0.45174,different
paracetamol_500mg,original_0615,0.29775,0.3926,0.61083,0.7428,0.493,0.40266,original
paracetamol_500mg,original_0070,0.29914,0.36615,0.60049,0.73074,0.46998,0.37178,original
paracetamol_500mg,original_0236,0.25794,0.40628,0.5699,0.726,0.48229,0.36054,original
paracetamol_500mg,substandard_0026,0.32645,0.48395,0.56506,0.70762,0.50773,0.4498,substandard
paracetamol_500mg,substandard_0483,0.34381,0.47059,0.59639,0.70088,0.49257,0.46132,substandard
paracetamol_500mg,original_0898,0.32841,0.39158,0.59331,0.73473,0.43616,0.33748,original
paracetamol_500mg,different_0419,0.27902,0.3503,0.65724,0.73589,0.51541,0.46695,different
paracetamol_500mg,substandard_0439,0.29759,0.4595,0.5971,0.66287,0.51124,0.39994,substandard
paracetamol_500mg,substandard_0568,0.33888,0.43788,0.5482,0.68138,0.4678,0.4359,substandard
paracetamol_500mg,substandard_0875,0.30183,0.50315,0.51435,0.70643,0.51722,0.42311,substandard
paracetamol_500mg,substandard_0350,0.35446,0.43946,0.50432,0.7386,0.52248,0.41924,substandard
paracetamol_500mg,original_0437,0.2965,0.42948,0.59915,0.72253,0.48099,0.37553,original
paracetamol_500mg,substandard_0968,0.31656,0.48997,0.60103,0.69798,0.51134,0.47857,substandard
paracetamol_500mg,original_0518,0.30824,0.41801,0.67972,0.72896,0.47661,0.42742,original
paracetamol_500mg,different_0115,0.23916,0.34408,0.64182,0.73807,0.5285,0.45543,different
paracetamol_500mg,different_0266,0.28211,0.34252,0.66243,0.7561,0.59701,0.51177,different
paracetamol_500mg,different_0454,0.19774,0.34916,0.66772,0.74243,0.57961,0.4671,different
paracetamol_500mg,different_0281,0.25415,0.33737,0.64874,0.7665,0.54617,0.49557,different
paracetamol_500mg,substandard_0868,0.31,0.40914,0.58007,0.64609,0.53492,0.39433,substandard
paracetamol_500mg,original_0177,0.26995,0.37197,0.56653,0.74365,0.45521,0.39208,original
paracetamol_500mg,original_0076,0.28635,0.37125,0.62442,0.7263,0.46462,0.35175,original
paracetamol_500mg,substandard_0019,0.40468,0.48791,0.61291,0.72586,0.58668,0.48437,substandard
paracetamol_500mg,original_0063,0.29093,0.3692,0.60004,0.67546,0.49386,0.37872,original
paracetamol_500mg,original_0002,0.31828,0.42209,0.61116,0.69885,0.44354,0.42664,original
paracetamol_500mg,original_0987,0.30247,0.42605,0.62091,0.77838,0.48187,0.39392,original
paracetamol_500mg,different_0217,0.26241,0.34517,0.63973,0.75783,0.59956,0.48983,different
paracetamol_500mg,different_0319,0.2661,0.37701,0.67849,0.78253,0.60171,0.50071,different
paracetamol_500mg,substandard_0393,0.30348,0.40645,0.53622,0.6863,0.51315,0.36556,substandard
paracetamol_500mg,substandard_0321,0.32858,0.48198,0.61744,0.66943,0.56008,0.46438,substandard
paracetamol_500mg,original_0956,0.31205,0.40024,0.59291,0.75887,0.46087,0.37379,original
paracetamol_500mg,different_0207,0.25026,0.39282,0.6578,0.77805,0.53466,0.44154,different
paracetamol_500mg,substandard_0253,0.33898,0.47648,0.5332,0.69582,0.56122,0.39493,substandard
paracetamol_500mg,original_0989,0.3063,0.43901,0.63745,0.71534,0.51576,0.42918,original
paracetamol_500mg,different_0904,0.24566,0.35396,0.64714,0.71122,0.53814,0.43153,different
paracetamol_500mg,different_0060,0.26343,0.35668,0.67871,0.71899,0.5657,0.46233,different
paracetamol_500mg,different_0088,0.30699,0.33968,0.6629,0.79748,0.58142,0.52357,different
paracetamol_500mg,different_0380,0.28305,0.36244,0.66309,0.79242,0.58917,0.4855,different
paracetamol_500mg,original_0884,0.35284,0.44267,0.66624,0.79599,0.55298,0.45552,original
paracetamol_500mg,original_0485,0.29264,0.4301,0.59578,0.68692,0.48481,0.40234,original
paracetamol_500mg,original_0013,0.30907,0.43476,0.59735,0.72932,0.48409,0.36754,original
paracetamol_500mg,different_0132,0.26189,0.34385,0.62149,0.80674,0.59005,0.47377,different
paracetamol_500mg,different_0746,0.26764,0.40027,0.73958,0.79107,0.56381,0.57822,different
paracetamol_500mg,original_0796,0.3433,0.43554,0.59701,0.77219,0.47432,0.3778,original
paracetamol_500mg,substandard_0152,0.35136,0.49701,0.54334,0.65902,0.50978,0.44818,substandard
paracetamol_500mg,different_0504,0.20843,0.37336,0.70494,0.77048,0.61925,0.46903,different
paracetamol_500mg,substandard_0665,0.31979,0.46236,0.57224,0.68194,0.53241,0.43618,substandard
paracetamol_500mg,substandard_0351,0.35605,0.4411,0.57871,0.69389,0.5378,0.49136,substandard
paracetamol_500mg,original_0356,0.33291,0.41181,0.62986,0.72189,0.4884,0.38939,original
paracetamol_500mg,original_0924,0.32579,0.43698,0.60278,0.75369,0.49396,0.41327,original
paracetamol_500mg,substandard_0014,0.33482,0.46241,0.57748,0.6779,0.4777,0.40286,substandard
paracetamol_500mg,substandard_0623,0.37781,0.44781,0.5672,0.73122,0.52183,0.43139,substandard
paracetamol_500mg,original_0844,0.34299,0.40416,0.59902,0.74404,0.43852,0.41653,original
paracetamol_500mg,original_0448,0.31067,0.4137,0.59293,0.72225,0.48446,0.38311,original
paracetamol_500mg,different_0491,0.28104,0.38822,0.66465,0.78031,0.55987,0.46231,different
paracetamol_500mg,different_0867,0.25079,0.39509,0.6744,0.76945,0.5742,0.53813,different
paracetamol_500mg,original_0162,0.29042,0.40614,0.6131,0.73812,0.4541,0.3632,original
paracetamol_500mg,substandard_0842,0.37955,0.45884,0.54347,0.65878,0.49695,0.43962,substandard
paracetamol_500mg,original_0803,0.29262,0.40019,0.6411,0.71502,0.49646,0.39844,original
paracetamol_500mg,different_0353,0.26606,0.40319,0.63975,0.77642,0.58364,0.51091,different
paracetamol_500mg,different_0553,0.28315,0.33935,0.67892,0.78838,0.57798,0.49298,different
paracetamol_500mg,original_0199,0.32794,0.44318,0.60949,0.76411,0.45287,0.38326,original
paracetamol_500mg,substandard_0342,0.33983,0.41605,0.608,0.70222,0.51288,0.40459,substandard
paracetamol_500mg,different_0719,0.27464,0.40801,0.67704,0.77649,0.58056,0.48749,different
paracetamol_500mg,substandard_0646,0.28954,0.44026,0.53784,0.69484,0.49502,0.43177,substandard
paracetamol_500mg,original_0765,0.32756,0.42285,0.62903,0.74469,0.49691,0.40435,original
paracetamol_500mg,different_0733,0.24258,0.33879,0.65031,0.78468,0.55351,0.48586,different
paracetamol_500mg,substandard_0352,0.29844,0.47533,0.55321,0.69437,0.5298,0.41018,substandard
paracetamol_500mg,different_0403,0.31436,0.37635,0.64848,0.75806,0.5463,0.50158,different
paracetamol_500mg,substandard_0469,0.38569,0.47444,0.57222,0.69941,0.50233,0.40868,substandard
paracetamol_500mg,original_0676,0.30939,0.41937,0.58617,0.71283,0.4641,0.39107,original
paracetamol_500mg,original_0458,0.27998,0.40348,0.55098,0.70449,0.51463,0.36976,original
paracetamol_500mg,original_0837,0.32159,0.42954,0.60396,0.76475,0.54281,0.36914,original
paracetamol_500mg,substandard_0361,0.35827,0.44598,0.57983,0.68821,0.53369,0.43985,substandard
paracetamol_500mg,substandard_0506,0.35831,0.45294,0.57319,0.69899,0.52613,0.39624,substandard
paracetamol_500mg,original_0603,0.33269,0.44027,0.59023,0.7486,0.47948,0.4116,original
paracetamol_500mg,different_0903,0.26837,0.36306,0.66923,0.79159,0.5885,0.46761,different
paracetamol_500mg,different_0961,0.27632,0.37428,0.66474,0.76427,0.57681,0.43263,different
paracetamol_500mg,substandard_0759,0.33885,0.43521,0.55262,0.67883,0.52708,0.47533,substandard
paracetamol_500mg,different_0531,0.30367,0.38004,0.65292,0.77548,0.57862,0.45066,different
paracetamol_500mg,different_0467,0.28261,0.38554,0.67997,0.74907,0.57438,0.5098,different
paracetamol_500mg,original_0275,0.33411,0.4377,0.61122,0.71892,0.46639,0.37374,original
paracetamol_500mg,substandard_0127,0.33271,0.43216,0.5461,0.6689,0.52607,0.45344,substandard
paracetamol_500mg,different_0796,0.25264,0.34062,0.64346,0.75203,0.49827,0.43167,different
paracetamol_500mg,original_0628,0.33716,0.43783,0.62707,0.74258,0.47908,0.37354,original
paracetamol_500mg,substandard_0326,0.33632,0.45897,0.55835,0.67773,0.48739,0.35941,substandard
paracetamol_500mg,substandard_0722,0.34615,0.45823,0.54893,0.68861,0.50896,0.45349,substandard
paracetamol_500mg,original_0724,0.34382,0.40298,0.64259,0.77172,0.51473,0.4266,original
paracetamol_500mg,original_0048,0.26451,0.38045,0.5592,0.70992,0.43563,0.38679,original
paracetamol_500mg,substandard_0532,0.34571,0.45004,0.53916,0.69016,0.58943,0.40704,substandard
paracetamol_500mg,substandard_0418,0.31391,0.50171,0.55613,0.69212,0.54523,0.42271,substandard
paracetamol_500mg,substandard_0627,0.34633,0.45434,0.60404,0.68914,0.54118,0.40518,substandard
paracetamol_500mg,different_0853,0.27323,0.38849,0.6892,0.75452,0.57198,0.43657,different
paracetamol_500mg,different_0527,0.29478,0.39189,0.65814,0.77562,0.57581,0.51945,different
paracetamol_500mg,original_0081,0.31172,0.44546,0.58844,0.72639,0.48226,0.39552,original
paracetamol_500mg,substandard_0440,0.32881,0.48564,0.59398,0.7446,0.50675,0.47804,substandard
paracetamol_500mg,original_0719,0.34191,0.44841,0.61624,0.77437,0.53175,0.4203,original
paracetamol_500mg,substandard_0741,0.31256,0.43207,0.56018,0.64221,0.54118,0.35748,substandard
paracetamol_500mg,original_0406,0.31532,0.39737,0.58317,0.72451,0.47509,0.37277,original
paracetamol_500mg,substandard_0455,0.3253,0.44015,0.54753,0.70357,0.50738,0.41943,substandard
paracetamol_500mg,different_0302,0.30891,0.38354,0.69309,0.82985,0.61151,0.48944,different
paracetamol_500mg,original_0713,0.30939,0.4249,0.64552,0.71945,0.51922,0.4157,original
paracetamol_500mg,substandard_0372,0.30902,0.44415,0.55275,0.64838,0.52503,0.40308,substandard
paracetamol_500mg,different_0848,0.27088,0.42345,0.66034,0.7469,0.53014,0.52517,different
paracetamol_500mg,substandard_0657,0.30509,0.44059,0.54381,0.66407,0.48405,0.43211,substandard
paracetamol_500mg,original_0122,0.28516,0.45527,0.67908,0.76485,0.54885,0.37677,original
paracetamol_500mg,different_0409,0.30381,0.36999,0.68498,0.82169,0.57169,0.49439,different
paracetamol_500mg,substandard_0545,0.38647,0.47169,0.59337,0.69473,0.5691,0.43807,substandard
paracetamol_500mg,different_0223,0.26833,0.36261,0.63463,0.77193,0.51277,0.44567,different
paracetamol_500mg,different_0745,0.293,0.35915,0.66979,0.75767,0.60624,0.50314,different
paracetamol_500mg,different_0641,0.24589,0.37462,0.6913,0.74735,0.59928,0.4157,different
paracetamol_500mg,different_0307,0.27516,0.34609,0.66854,0.77308,0.57872,0.49612,different
paracetamol_500mg,substandard_0645,0.3368,0.47933,0.53769,0.64563,0.556,0.44296,substandard
paracetamol_500mg,substandard_0658,0.35802,0.4644,0.59717,0.70848,0.56742,0.38599,substandard
paracetamol_500mg,substandard_0376,0.32088,0.4919,0.59375,0.73,0.53164,0.45101,substandard
paracetamol_500mg,different_0588,0.22719,0.38108,0.65442,0.73792,0.52369,0.47991,different
paracetamol_500mg,different_0864,0.24474,0.38235,0.65389,0.74331,0.58588,0.46206,different
paracetamol_500mg,substandard_0944,0.35071,0.48812,0.61496,0.65323,0.52419,0.4249,substandard
paracetamol_500mg,different_0245,0.27944,0.36616,0.66021,0.78225,0.60747,0.48052,different
paracetamol_500mg,different_0211,0.27321,0.39533,0.65216,0.80138,0.57486,0.47431,different
paracetamol_500mg,different_0478,0.30793,0.41291,0.68026,0.81148,0.56338,0.48675,different
paracetamol_500mg,original_0714,0.30697,0.44219,0.63469,0.75789,0.50519,0.38187,original
paracetamol_500mg,original_0686,0.32396,0.42694,0.63874,0.71441,0.51026,0.39671,original
paracetamol_500mg,original_0335,0.30486,0.41127,0.56444,0.7531,0.47736,0.40545,original
paracetamol_500mg,substandard_0982,0.36423,0.44123,0.52598,0.64856,0.56344,0.44701,substandard
paracetamol_500mg,different_0068,0.29323,0.39453,0.67123,0.79371,0.59652,0.51841,different
paracetamol_500mg,original_0577,0.279,0.42357,0.59773,0.71517,0.50427,0.37093,original
paracetamol_500mg,substandard_0789,0.32794,0.50903,0.5866,0.71175,0.47215,0.43031,substandard
paracetamol_500mg,substandard_0373,0.34108,0.46429,0.59067,0.67641,0.52162,0.44764,substandard
paracetamol_500mg,substandard_0635,0.34265,0.48317,0.57421,0.67554,0.53799,0.4344,substandard
paracetamol_500mg,different_0826,0.31294,0.38505,0.67725,0.77036,0.60203,0.50153,different
paracetamol_500mg,different_0674,0.25264,0.43117,0.68644,0.75052,0.56829,0.44226,different
paracetamol_500mg,substandard_0858,0.29462,0.45142,0.54649,0.67665,0.51588,0.43312,substandard
paracetamol_500mg,substandard_0281,0.32488,0.48021,0.5996,0.70517,0.56035,0.4438,substandard
paracetamol_500mg,substandard_0198,0.34962,0.4849,0.6145,0.68031,0.53967,0.42577,substandard
paracetamol_500mg,different_0390,0.2858,0.35831,0.66711,0.77652,0.56091,0.46288,different
paracetamol_500mg,different_0121,0.30001,0.38235,0.64484,0.76713,0.55075,0.4572,different
paracetamol_500mg,original_0405,0.25744,0.44209,0.64508,0.72464,0.46026,0.37527,original
paracetamol_500mg,original_0061,0.31673,0.42703,0.61072,0.73637,0.49658,0.35369,original
paracetamol_500mg,original_0160,0.31223,0.42081,0.66929,0.76123,0.51445,0.40499,original
paracetamol_500mg,substandard_0103,0.25362,0.42515,0.50696,0.68176,0.51137,0.40207,substandard
paracetamol_500mg,substandard_0429,0.33923,0.451,0.56231,0.7066,0.5334,0.4633,substandard
paracetamol_500mg,original_0692,0.321,0.42936,0.60615,0.75812,0.47509,0.34343,original
paracetamol_500mg,substandard_0515,0.3864,0.46191,0.61868,0.69118,0.55558,0.42274,substandard
paracetamol_500mg,different_0566,0.26758,0.34982,0.67754,0.76534,0.55841,0.46132,different
paracetamol_500mg,different_0878,0.25784,0.34339,0.68106,0.73893,0.52306,0.46876,different
paracetamol_500mg,original_0385,0.34396,0.43166,0.63356,0.7732,0.47012,0.37823,original
paracetamol_500mg,substandard_0472,0.29333,0.41749,0.57829,0.6568,0.53185,0.40119,substandard
paracetamol_500mg,substandard_0261,0.31302,0.45856,0.59531,0.69045,0.50001,0.3926,substandard
paracetamol_500mg,substandard_0777,0.32795,0.45206,0.54457,0.68444,0.51279,0.40015,substandard
paracetamol_500mg,different_0276,0.26773,0.3781,0.67062,0.77602,0.52485,0.48868,different
paracetamol_500mg,original_0963,0.32258,0.44818,0.59982,0.70276,0.4517,0.40797,original
paracetamol_500mg,substandard_0465,0.37373,0.50813,0.54784,0.68484,0.46788,0.42214,substandard
paracetamol_500mg,different_0822,0.20835,0.33993,0.65986,0.78269,0.53951,0.49444,different
paracetamol_500mg,different_0074,0.2962,0.34122,0.64516,0.76753,0.56906,0.4427,different
paracetamol_500mg,different_0212,0.29431,0.39406,0.68101,0.78823,0.58052,0.5004,different
paracetamol_500mg,different_0056,0.25826,0.35425,0.6644,0.78929,0.56769,0.46059,different
paracetamol_500mg,different_0924,0.28089,0.38723,0.63377,0.74742,0.53989,0.44216,different
paracetamol_500mg,different_0185,0.26362,0.35423,0.68291,0.81052,0.58495,0.46837,different
paracetamol_500mg,original_0589,0.31204,0.39733,0.58186,0.69823,0.47385,0.43357,original
paracetamol_500mg,original_0633,0.31665,0.43071,0.63731,0.7655,0.50669,0.42605,original
paracetamol_500mg,substandard_0097,0.35488,0.47899,0.59266,0.71423,0.57501,0.46193,substandard
paracetamol_500mg,substandard_0935,0.35395,0.43094,0.56813,0.68426,0.5139,0.43708,substandard
paracetamol_500mg,substandard_0428,0.27433,0.4489,0.52193,0.67089,0.54075,0.3759,substandard
paracetamol_500mg,original_0098,0.3192,0.43258,0.58767,0.73837,0.46017,0.39035,original
paracetamol_500mg,different_0102,0.249,0.34668,0.69323,0.79131,0.51888,0.46153,different
paracetamol_500mg,original_0281,0.34491,0.46319,0.623,0.75722,0.4654,0.44078,original
paracetamol_500mg,original_0960,0.29846,0.42086,0.61559,0.70604,0.49976,0.38785,original
paracetamol_500mg,original_0336,0.30267,0.44889,0.60418,0.70664,0.4659,0.40954,original
paracetamol_500mg,different_0171,0.2644,0.34808,0.6616,0.79145,0.59611,0.46914,different
paracetamol_500mg,different_0836,0.24988,0.33259,0.60274,0.7331,0.5534,0.43372,different
paracetamol_500mg,original_0716,0.32382,0.43011,0.65406,0.75776,0.52623,0.41317,original
paracetamol_500mg,original_0352,0.2814,0.41947,0.61666,0.69264,0.47506,0.36616,original
paracetamol_500mg,original_0108,0.29364,0.40008,0.60882,0.67119,0.48063,0.3931,original
paracetamol_500mg,original_0417,0.33254,0.4458,0.61726,0.7697,0.49154,0.43365,original
paracetamol_500mg,different_0393,0.30605,0.38297,0.68712,0.76204,0.52311,0.5072,different
paracetamol_500mg,substandard_0520,0.32037,0.46896,0.58728,0.70992,0.54085,0.39617,substandard
paracetamol_500mg,different_0342,0.28817,0.38757,0.66328,0.81893,0.61937,0.46921,different
paracetamol_500mg,different_0995,0.2969,0.37028,0.66354,0.76397,0.54961,0.44791,different
paracetamol_500mg,substandard_0302,0.33594,0.48661,0.62247,0.67987,0.48721,0.41162,substandard
paracetamol_500mg,substandard_0597,0.34479,0.40678,0.55372,0.67774,0.54285,0.42255,substandard
paracetamol_500mg,different_0111,0.23788,0.38889,0.62521,0.8038,0.51964,0.45552,different
paracetamol_500mg,different_0918,0.26589,0.37643,0.69951,0.82263,0.53483,0.50904,different
paracetamol_500mg,substandard_0683,0.35574,0.45991,0.5947,0.69681,0.59113,0.43414,substandard
paracetamol_500mg,different_0579,0.25412,0.37874,0.66268,0.77817,0.55079,0.48371,different
paracetamol_500mg,substandard_0525,0.32996,0.45078,0.51778,0.65707,0.51699,0.42221,substandard
paracetamol_500mg,substandard_0742,0.32624,0.43854,0.50599,0.66636,0.5221,0.44536,substandard
paracetamol_500mg,original_0828,0.31899,0.41463,0.59429,0.69562,0.45246,0.40787,original
paracetamol_500mg,substandard_0246,0.33521,0.41674,0.54515,0.65715,0.52692,0.40953,substandard
paracetamol_500mg,original_0832,0.30257,0.42946,0.60828,0.72265,0.48472,0.42993,original
paracetamol_500mg,original_0705,0.26848,0.35865,0.59743,0.68229,0.42272,0.34146,original
paracetamol_500mg,substandard_0180,0.37226,0.49628,0.5626,0.66933,0.5237,0.41403,substandard
paracetamol_500mg,original_0659,0.31135,0.42565,0.66583,0.76005,0.49065,0.41729,original
paracetamol_500mg,original_0289,0.31069,0.40072,0.64566,0.69959,0.47214,0.36655,original
paracetamol_500mg,original_0949,0.35579,0.4168,0.59927,0.75431,0.5084,0.38362,original
paracetamol_500mg,different_0717,0.26205,0.37385,0.67651,0.78525,0.55725,0.50895,different
paracetamol_500mg,original_0814,0.34108,0.4225,0.61571,0.72849,0.44568,0.40351,original
paracetamol_500mg,substandard_0695,0.36927,0.47447,0.5423,0.6651,0.47709,0.43567,substandard
paracetamol_500mg,different_0405,0.31512,0.37786,0.69213,0.77924,0.57545,0.42692,different
paracetamol_500mg,different_0363,0.27812,0.33031,0.67325,0.78348,0.57323,0.42911,different
paracetamol_500mg,original_0952,0.31189,0.44004,0.62146,0.72943,0.4873,0.4183,original
paracetamol_500mg,original_0284,0.35609,0.44078,0.64035,0.71318,0.51302,0.37164,original
paracetamol_500mg,original_0576,0.28527,0.44062,0.61371,0.71814,0.45409,0.40671,original
paracetamol_500mg,different_0120,0.28037,0.35099,0.64823,0.7682,0.53898,0.47317,different
paracetamol_500mg,different_0754,0.26963,0.36814,0.61921,0.80708,0.57122,0.48696,different
paracetamol_500mg,original_0396,0.29842,0.38167,0.59858,0.75696,0.46824,0.34321,original
paracetamol_500mg,original_0534,0.35742,0.41008,0.59627,0.72955,0.46175,0.42332,original
paracetamol_500mg,different_0571,0.30813,0.36324,0.69748,0.8149,0.59446,0.5165,different
paracetamol_500mg,original_0322,0.32642,0.41847,0.57831,0.72705,0.50142,0.41906,original
paracetamol_500mg,different_0757,0.29221,0.3955,0.66999,0.79924,0.55611,0.46646,different
paracetamol_500mg,different_0795,0.29327,0.39034,0.67939,0.77952,0.58393,0.51034,different
paracetamol_500mg,different_0047,0.28208,0.36375,0.6247,0.80377,0.57898,0.51836,different
paracetamol_500mg,different_0970,0.28078,0.3917,0.69959,0.78851,0.5525,0.47993,different
paracetamol_500mg,original_0781,0.34888,0.40394,0.657,0.75701,0.44918,0.40272,original
paracetamol_500mg,original_0479,0.33743,0.41928,0.63084,0.76274,0.49322,0.41065,original
paracetamol_500mg,different_0688,0.24362,0.38419,0.64625,0.77736,0.5591,0.42812,different
paracetamol_500mg,original_0497,0.29114,0.43946,0.63562,0.74379,0.48802,0.39954,original
paracetamol_500mg,original_0536,0.31652,0.41953,0.60006,0.74797,0.48739,0.41279,original
paracetamol_500mg,different_0565,0.26435,0.38363,0.65672,0.79632,0.57475,0.4246,different
paracetamol_500mg,substandard_0964,0.32876,0.46799,0.56716,0.73384,0.58103,0.44555,substandard
paracetamol_500mg,substandard_0415,0.36812,0.50727,0.56394,0.70107,0.54638,0.44343,substandard
paracetamol_500mg,original_0606,0.29558,0.43506,0.60859,0.7126,0.39462,0.37338,original
paracetamol_500mg,different_0334,0.30671,0.36937,0.63508,0.72495,0.54208,0.49084,different
paracetamol_500mg,substandard_0800,0.33093,0.42487,0.59092,0.69261,0.47696,0.44345,substandard
paracetamol_500mg,substandard_0071,0.34283,0.47947,0.55716,0.69627,0.48583,0.45893,substandard
paracetamol_500mg,original_0184,0.30206,0.39747,0.61301,0.70128,0.46277,0.34588,original
paracetamol_500mg,substandard_0514,0.30705,0.41094,0.56605,0.63723,0.53334,0.41373,substandard
paracetamol_500mg,original_0382,0.30672,0.45024,0.61283,0.71695,0.49104,0.36662,original
paracetamol_500mg,original_0128,0.30731,0.40286,0.61897,0.70538,0.51907,0.36939,original
paracetamol_500mg,original_0408,0.31235,0.40202,0.5741,0.68174,0.46063,0.37539,original
paracetamol_500mg,substandard_0580,0.34769,0.47354,0.5655,0.66366,0.53819,0.42489,substandard
paracetamol_500mg,original_0266,0.30496,0.43882,0.58898,0.7118,0.54364,0.36392,original
paracetamol_500mg,substandard_0723,0.3123,0.4736,0.60922,0.66495,0.54206,0.44088,substandard
paracetamol_500mg,original_0808,0.29139,0.34687,0.59566,0.71699,0.46041,0.34943,original
paracetamol_500mg,original_0165,0.31201,0.40622,0.59344,0.68826,0.45564,0.40563,original
paracetamol_500mg,original_0542,0.3238,0.42478,0.58071,0.81131,0.48836,0.43142,original
paracetamol_500mg,original_0446,0.3006,0.40624,0.62479,0.75078,0.49506,0.40196,original
paracetamol_500mg,different_0930,0.24376,0.37418,0.68954,0.75733,0.56722,0.50294,different
paracetamol_500mg,substandard_0804,0.33822,0.4194,0.54956,0.67998,0.5201,0.442,substandard
paracetamol_500mg,original_0007,0.34608,0.41824,0.63513,0.76177,0.50709,0.43988,original
paracetamol_500mg,substandard_0603,0.36197,0.47663,0.57566,0.69196,0.54439,0.43419,substandard
paracetamol_500mg,different_0100,0.29082,0.35602,0.67218,0.71052,0.57081,0.47153,different
paracetamol_500mg,original_0900,0.32185,0.4689,0.61301,0.75107,0.48332,0.40603,original
paracetamol_500mg,original_0846,0.34357,0.42953,0.63581,0.74936,0.52559,0.41968,original
paracetamol_500mg,original_0334,0.30089,0.42102,0.62127,0.72143,0.43393,0.39756,original
paracetamol_500mg,different_0685,0.27972,0.36657,0.73848,0.7417,0.58048,0.47696,different
paracetamol_500mg,substandard_0437,0.37889,0.47623,0.63207,0.72953,0.58385,0.43201,substandard
paracetamol_500mg,substandard_0773,0.37673,0.46149,0.57755,0.71775,0.5202,0.41079,substandard
paracetamol_500mg,substandard_0305,0.38442,0.49434,0.6111,0.7098,0.47727,0.43538,substandard
paracetamol_500mg,original_0138,0.30766,0.38588,0.57035,0.72925,0.41917,0.35693,original
paracetamol_500mg,different_0447,0.27196,0.36833,0.62505,0.73467,0.57472,0.42342,different
paracetamol_500mg,original_0575,0.29048,0.40782,0.58571,0.70155,0.49774,0.38984,original
paracetamol_500mg,substandard_0442,0.29101,0.47329,0.54063,0.67468,0.53098,0.42616,substandard
paracetamol_500mg,original_0658,0.31681,0.44974,0.60798,0.73435,0.46649,0.3837,original
paracetamol_500mg,original_0313,0.29629,0.41017,0.63672,0.70092,0.50096,0.37046,original
paracetamol_500mg,different_0541,0.26589,0.33102,0.66009,0.7336,0.56931,0.47987,different
paracetamol_500mg,original_0540,0.29109,0.38313,0.61398,0.6921,0.45715,0.37219,original
paracetamol_500mg,original_0859,0.31413,0.46221,0.61663,0.73079,0.50749,0.42378,original
paracetamol_500mg,original_0869,0.29902,0.40699,0.63075,0.76295,0.48431,0.41168,original
paracetamol_500mg,original_0988,0.30925,0.41422,0.64869,0.74941,0.52131,0.41022,original
paracetamol_500mg,original_0252,0.31533,0.42405,0.60719,0.71273,0.47399,0.38816,original
paracetamol_500mg,different_0476,0.27557,0.34333,0.72649,0.7848,0.56912,0.49067,different
paracetamol_500mg,substandard_0927,0.36165,0.48269,0.57806,0.69734,0.5386,0.42585,substandard
paracetamol_500mg,substandard_0693,0.36068,0.50566,0.57089,0.66508,0.50682,0.44355,substandard
paracetamol_500mg,original_0788,0.34498,0.38739,0.62673,0.70707,0.50484,0.39081,original
paracetamol_500mg,original_0926,0.31327,0.39168,0.62862,0.72944,0.4663,0.38295,original
paracetamol_500mg,different_0792,0.28134,0.37959,0.67469,0.76211,0.54374,0.48963,different
paracetamol_500mg,substandard_0445,0.32496,0.44536,0.50661,0.67439,0.5182,0.35962,substandard
paracetamol_500mg,substandard_0129,0.39027,0.46036,0.57774,0.71106,0.56333,0.44193,substandard
paracetamol_500mg,substandard_0051,0.38934,0.46256,0.56538,0.6801,0.52429,0.45816,substandard
paracetamol_500mg,substandard_0991,0.33844,0.49287,0.59343,0.67517,0.54271,0.47128,substandard
paracetamol_500mg,substandard_0292,0.32728,0.46895,0.53868,0.68902,0.52243,0.41013,substandard
paracetamol_500mg,substandard_0434,0.31769,0.43522,0.55168,0.71191,0.49822,0.43102,substandard
paracetamol_500mg,substandard_0502,0.32627,0.46662,0.57906,0.70564,0.51714,0.41511,substandard
paracetamol_500mg,original_0581,0.28795,0.42372,0.58025,0.72693,0.48083,0.37394,original
paracetamol_500mg,substandard_0178,0.30668,0.46599,0.52334,0.6746,0.50833,0.40122,substandard
paracetamol_500mg,different_0395,0.27371,0.35156,0.63153,0.74987,0.54602,0.41964,different
paracetamol_500mg,substandard_0337,0.32888,0.44719,0.57441,0.6846,0.51729,0.40663,substandard
paracetamol_500mg,different_0869,0.26939,0.4118,0.66414,0.75824,0.57093,0.49511,different
paracetamol_500mg,substandard_0564,0.33916,0.46873,0.59693,0.72343,0.48578,0.41226,substandard
paracetamol_500mg,substandard_0990,0.33784,0.48439,0.59387,0.70699,0.47492,0.40888,substandard
paracetamol_500mg,different_0164,0.25963,0.38422,0.69163,0.75815,0.59772,0.46391,different
paracetamol_500mg,original_0027,0.30011,0.40637,0.62154,0.73355,0.50498,0.41018,original
paracetamol_500mg,different_0271,0.23353,0.33174,0.60678,0.70658,0.55211,0.45396,different
paracetamol_500mg,original_0835,0.31459,0.42822,0.61971,0.7724,0.47395,0.3875,original
paracetamol_500mg,substandard_0064,0.3242,0.46582,0.56825,0.66716,0.49296,0.40958,substandard
paracetamol_500mg,substandard_0091,0.36612,0.47681,0.56708,0.71625,0.50018,0.43458,substandard
paracetamol_500mg,substandard_0412,0.3448,0.46112,0.55384,0.67077,0.49549,0.40099,substandard
paracetamol_500mg,substandard_0589,0.35974,0.49007,0.61418,0.70677,0.53998,0.4303,substandard
paracetamol_500mg,different_0027,0.24652,0.35866,0.65072,0.7814,0.56619,0.43467,different
paracetamol_500mg,original_0945,0.29992,0.47674,0.61953,0.75482,0.50767,0.40792,original
paracetamol_500mg,original_0468,0.32614,0.47513,0.58812,0.76623,0.47389,0.45086,original
paracetamol_500mg,original_0447,0.33241,0.47913,0.64056,0.76061,0.4885,0.39189,original
paracetamol_500mg,different_0985,0.2725,0.37364,0.66803,0.75826,0.57225,0.48776,different
paracetamol_500mg,substandard_0704,0.37313,0.44438,0.58672,0.69399,0.59684,0.47679,substandard
paracetamol_500mg,original_0056,0.28537,0.40385,0.58018,0.70701,0.49818,0.38924,original
paracetamol_500mg,substandard_0294,0.34837,0.41674,0.53732,0.68176,0.5176,0.39047,substandard
paracetamol_500mg,different_0861,0.27123,0.37787,0.68025,0.79701,0.56759,0.45102,different
paracetamol_500mg,original_0841,0.28535,0.4171,0.59017,0.7364,0.53012,0.37878,original
paracetamol_500mg,original_0927,0.31302,0.39215,0.57253,0.693,0.47827,0.35214,original
paracetamol_500mg,different_0748,0.29705,0.40439,0.67092,0.81254,0.60844,0.5249,different
paracetamol_500mg,different_0186,0.2484,0.40395,0.63443,0.78421,0.546,0.47899,different
paracetamol_500mg,original_0600,0.3312,0.4182,0.60557,0.7347,0.46483,0.43481,original
paracetamol_500mg,original_0937,0.30528,0.40396,0.56912,0.74465,0.46991,0.35563,original
paracetamol_500mg,substandard_0882,0.34359,0.4081,0.54993,0.66976,0.51164,0.41564,substandard
paracetamol_500mg,substandard_0072,0.3444,0.48029,0.56884,0.69948,0.51959,0.48495,substandard
paracetamol_500mg,different_0951,0.30472,0.36676,0.7007,0.77793,0.59982,0.52136,different
paracetamol_500mg,substandard_0237,0.36608,0.48056,0.57572,0.69483,0.50202,0.49808,substandard
paracetamol_500mg,original_0132,0.31204,0.39463,0.5759,0.72775,0.51303,0.36058,original
paracetamol_500mg,different_0709,0.27453,0.40239,0.73098,0.81497,0.56794,0.5136,different
paracetamol_500mg,original_0118,0.32263,0.46589,0.63678,0.77587,0.4933,0.39681,original
paracetamol_500mg,different_0885,0.27024,0.35765,0.60696,0.75904,0.56144,0.4778,different
paracetamol_500mg,different_0015,0.28015,0.34544,0.66635,0.77763,0.54931,0.4513,different
paracetamol_500mg,different_0129,0.22668,0.3355,0.65874,0.74495,0.58347,0.46576,different
paracetamol_500mg,original_0344,0.27217,0.36738,0.57583,0.66278,0.40911,0.35799,original
paracetamol_500mg,original_0450,0.35706,0.45382,0.59432,0.71006,0.50676,0.38265,original
paracetamol_500mg,different_0259,0.30987,0.3858,0.70228,0.76429,0.61716,0.54212,different
paracetamol_500mg,original_0175,0.2968,0.37803,0.56704,0.73465,0.44663,0.31866,original
paracetamol_500mg,different_0586,0.2528,0.3576,0.6372,0.75993,0.53702,0.44849,different
paracetamol_500mg,substandard_0966,0.35167,0.44662,0.5957,0.67527,0.5339,0.45205,substandard
paracetamol_500mg,different_0990,0.28226,0.40691,0.70428,0.80125,0.59617,0.48736,different
paracetamol_500mg,substandard_0933,0.33391,0.42069,0.57845,0.68674,0.50181,0.40797,substandard
paracetamol_500mg,substandard_0309,0.31171,0.4464,0.57728,0.67716,0.53082,0.41123,substandard
paracetamol_500mg,different_0369,0.27309,0.35465,0.70524,0.72915,0.55758,0.52105,different
paracetamol_500mg,original_0569,0.30707,0.445,0.58156,0.75619,0.5036,0.3885,original
paracetamol_500mg,different_0927,0.24256,0.40111,0.67372,0.81657,0.59443,0.48134,different
paracetamol_500mg,substandard_0043,0.33565,0.45572,0.57191,0.68122,0.51935,0.43654,substandard
paracetamol_500mg,different_0829,0.2933,0.36695,0.6474,0.76431,0.59623,0.46969,different
paracetamol_500mg,different_0520,0.25872,0.35069,0.65567,0.75365,0.55758,0.47416,different
paracetamol_500mg,different_0819,0.27491,0.37474,0.70296,0.73571,0.558,0.4787,different
paracetamol_500mg,different_0855,0.27774,0.3985,0.62986,0.79217,0.58351,0.45109,different
paracetamol_500mg,different_0594,0.27387,0.40217,0.69394,0.78751,0.6312,0.46954,different
paracetamol_500mg,different_0114,0.29307,0.35749,0.6608,0.73512,0.60119,0.46373,different
paracetamol_500mg,original_0757,0.31603,0.40844,0.62517,0.75906,0.48021,0.42279,original
paracetamol_500mg,original_0862,0.3333,0.45136,0.60179,0.67973,0.42748,0.35932,original
paracetamol_500mg,different_0079,0.31158,0.35217,0.68883,0.76621,0.59813,0.53813,different
paracetamol_500mg,different_0278,0.29838,0.41886,0.71684,0.78043,0.58277,0.47061,different
paracetamol_500mg,substandard_0113,0.32044,0.43193,0.57696,0.72362,0.50829,0.41526,substandard
paracetamol_500mg,different_0137,0.26336,0.37537,0.66947,0.78622,0.58302,0.47318,different
paracetamol_500mg,substandard_0344,0.37733,0.45035,0.61567,0.71875,0.52081,0.43937,substandard
paracetamol_500mg,different_0610,0.2833,0.33791,0.67638,0.76879,0.5325,0.48597,different
paracetamol_500mg,different_0222,0.24942,0.35518,0.65096,0.79941,0.55038,0.49275,different
paracetamol_500mg,original_0602,0.31447,0.39769,0.57925,0.7101,0.48406,0.41366,original
paracetamol_500mg,substandard_0182,0.38602,0.48659,0.60271,0.75388,0.51931,0.43068,substandard
paracetamol_500mg,original_0072,0.31442,0.40027,0.60657,0.74419,0.43856,0.33652,original
paracetamol_500mg,original_0848,0.31438,0.40617,0.59287,0.73467,0.46996,0.39606,original
paracetamol_500mg,different_0428,0.26126,0.40108,0.70952,0.79048,0.62614,0.51444,different
paracetamol_500mg,different_0521,0.27497,0.40464,0.70423,0.7535,0.57854,0.49585,different
paracetamol_500mg,original_0865,0.3387,0.40657,0.58796,0.66692,0.46005,0.39304,original
paracetamol_500mg,original_0734,0.30493,0.39663,0.582,0.73141,0.50185,0.34763,original
paracetamol_500mg,substandard_0681,0.34178,0.45807,0.57853,0.66784,0.52499,0.43212,substandard
paracetamol_500mg,different_0018,0.24217,0.35722,0.63775,0.75947,0.59197,0.48876,different
paracetamol_500mg,substandard_0896,0.35367,0.39285,0.54794,0.69647,0.55916,0.44143,substandard
paracetamol_500mg,original_0136,0.2899,0.38706,0.56735,0.69715,0.46735,0.36576,original
paracetamol_500mg,original_0333,0.34877,0.44164,0.67219,0.75814,0.45223,0.41789,original
paracetamol_500mg,substandard_0930,0.32583,0.47633,0.58597,0.68496,0.51022,0.41874,substandard
paracetamol_500mg,different_0351,0.29162,0.37814,0.6791,0.7441,0.51741,0.44882,different
paracetamol_500mg,different_0583,0.26526,0.35177,0.64391,0.78306,0.54119,0.47188,different
paracetamol_500mg,substandard_0684,0.37333,0.47749,0.56798,0.68562,0.48982,0.43005,substandard
paracetamol_500mg,original_0025,0.27255,0.40583,0.61008,0.6981,0.47317,0.34142,original
paracetamol_500mg,substandard_0149,0.37785,0.50453,0.58547,0.71579,0.58046,0.45495,substandard
paracetamol_500mg,different_0953,0.26697,0.35154,0.71591,0.73094,0.59086,0.49795,different
paracetamol_500mg,different_0913,0.23691,0.39221,0.67788,0.76732,0.5787,0.54874,different
paracetamol_500mg,different_0272,0.32252,0.41553,0.70322,0.75379,0.58623,0.44647,different
paracetamol_500mg,substandard_0836,0.35814,0.43477,0.50078,0.67205,0.51789,0.37014,substandard
paracetamol_500mg,substandard_0969,0.31218,0.45203,0.58905,0.68243,0.53827,0.38963,substandard
paracetamol_500mg,different_0184,0.32188,0.33629,0.66764,0.77213,0.55573,0.49261,different
paracetamol_500mg,substandard_0915,0.35405,0.47317,0.5647,0.69885,0.51376,0.43853,substandard
paracetamol_500mg,original_0259,0.28714,0.39765,0.59509,0.71493,0.45346,0.38182,original
paracetamol_500mg,original_0090,0.29825,0.45457,0.55585,0.74831,0.46831,0.37158,original
paracetamol_500mg,substandard_0348,0.30363,0.48091,0.56667,0.70755,0.52392,0.47101,substandard
paracetamol_500mg,substandard_0747,0.35002,0.48121,0.60665,0.68487,0.51379,0.43807,substandard
paracetamol_500mg,different_0040,0.25045,0.32414,0.68816,0.76667,0.5661,0.47854,different
paracetamol_500mg,different_0166,0.2659,0.37162,0.68643,0.79851,0.57538,0.50232,different
paracetamol_500mg,substandard_0690,0.3396,0.47388,0.57595,0.7153,0.51977,0.4517,substandard
paracetamol_500mg,substandard_0567,0.30021,0.42944,0.52238,0.6866,0.52971,0.41548,substandard
paracetamol_500mg,different_0317,0.23268,0.37131,0.66927,0.79821,0.62223,0.50953,different
paracetamol_500mg,substandard_0995,0.37227,0.45817,0.55745,0.67396,0.53164,0.42517,substandard
paracetamol_500mg,original_0770,0.28083,0.4002,0.55042,0.73033,0.48698,0.40256,original
paracetamol_500mg,substandard_0010,0.3477,0.42226,0.57194,0.63557,0.49449,0.44312,substandard
paracetamol_500mg,different_0564,0.3129,0.37126,0.68039,0.75356,0.58222,0.49133,different
paracetamol_500mg,original_0678,0.32392,0.44501,0.56862,0.75421,0.48963,0.39649,original
paracetamol_500mg,substandard_0296,0.34123,0.42114,0.57842,0.67722,0.49958,0.46648,substandard
paracetamol_500mg,different_0700,0.22592,0.38812,0.6078,0.7727,0.56218,0.46436,different
paracetamol_500mg,different_0993,0.28198,0.38469,0.65858,0.77311,0.5888,0.44887,different
paracetamol_500mg,different_0326,0.27572,0.35436,0.64998,0.76725,0.52085,0.49502,different
paracetamol_500mg,substandard_0598,0.27785,0.46832,0.5758,0.7218,0.54667,0.40509,substandard
paracetamol_500mg,original_0047,0.34848,0.4518,0.61521,0.75998,0.48318,0.42559,original
paracetamol_500mg,substandard_0507,0.32273,0.43409,0.52342,0.68869,0.50632,0.44309,substandard
paracetamol_500mg,substandard_0111,0.35901,0.47036,0.57444,0.67469,0.50432,0.43091,substandard
paracetamol_500mg,different_0087,0.28093,0.37447,0.66996,0.77571,0.57076,0.49069,different
paracetamol_500mg,substandard_0812,0.36791,0.47478,0.60901,0.71138,0.57374,0.39426,substandard
paracetamol_500mg,different_0348,0.29411,0.39559,0.65368,0.79898,0.57539,0.47254,different
paracetamol_500mg,different_0887,0.22405,0.38461,0.67308,0.76618,0.55205,0.50348,different
paracetamol_500mg,different_0679,0.26667,0.36852,0.66815,0.76488,0.55745,0.43357,different
paracetamol_500mg,original_0562,0.28308,0.39123,0.57961,0.73287,0.49901,0.35166,original
paracetamol_500mg,different_0807,0.29001,0.40179,0.6915,0.78664,0.53451,0.44659,different
paracetamol_500mg,substandard_0100,0.3706,0.46159,0.55321,0.66784,0.58816,0.38955,substandard
paracetamol_500mg,substandard_0112,0.36818,0.46358,0.58945,0.66659,0.59592,0.40906,substandard
paracetamol_500mg,original_0812,0.34648,0.40981,0.60213,0.72562,0.53301,0.36192,original
paracetamol_500mg,original_0055,0.3118,0.40965,0.62468,0.743,0.50363,0.38652,original
paracetamol_500mg,different_0110,0.31497,0.42382,0.69434,0.81172,0.58624,0.52456,different
paracetamol_500mg,original_0339,0.30353,0.37606,0.57128,0.73707,0.45786,0.42058,original
paracetamol_500mg,original_0104,0.32704,0.43004,0.64038,0.78489,0.47095,0.43874,original
paracetamol_500mg,original_0746,0.3653,0.46355,0.63377,0.77724,0.49815,0.42402,original
paracetamol_500mg,different_0536,0.31531,0.4029,0.69351,0.76183,0.59961,0.48554,different
paracetamol_500mg,original_0342,0.3341,0.43922,0.57223,0.74033,0.44883,0.38149,original
paracetamol_500mg,substandard_0364,0.32951,0.47781,0.56662,0.68709,0.49742,0.46463,substandard
paracetamol_500mg,different_0818,0.24582,0.31704,0.63027,0.73343,0.51211,0.48653,different
paracetamol_500mg,different_0845,0.27524,0.36477,0.67447,0.7689,0.53169,0.52011,different
paracetamol_500mg,original_0357,0.32442,0.45128,0.56581,0.72634,0.5142,0.41932,original
paracetamol_500mg,different_0812,0.22904,0.35605,0.6931,0.74505,0.55194,0.46421,different
paracetamol_500mg,different_0538,0.26913,0.39399,0.65742,0.80429,0.59847,0.49816,different
paracetamol_500mg,different_0841,0.30939,0.40406,0.65851,0.74784,0.55595,0.50538,different
paracetamol_500mg,different_0646,0.26578,0.41467,0.68397,0.75532,0.59942,0.52287,different
paracetamol_500mg,substandard_0105,0.3752,0.47995,0.58611,0.6685,0.56018,0.40854,substandard
paracetamol_500mg,different_0123,0.27631,0.36147,0.6545,0.76153,0.58921,0.49163,different
paracetamol_500mg,original_0827,0.30623,0.39027,0.59337,0.72297,0.45939,0.38959,original
paracetamol_500mg,original_0630,0.29471,0.43914,0.65042,0.69292,0.51948,0.42233,original
paracetamol_500mg,different_0246,0.2278,0.37416,0.68241,0.77178,0.55374,0.4344,different
paracetamol_500mg,different_0665,0.28788,0.36507,0.67812,0.80757,0.54648,0.46802,different
paracetamol_500mg,substandard_0238,0.32364,0.47242,0.61437,0.71534,0.53897,0.42392,substandard
paracetamol_500mg,substandard_0096,0.34399,0.4325,0.57057,0.68975,0.52658,0.46031,substandard
paracetamol_500mg,original_0110,0.31263,0.40125,0.59818,0.64909,0.48714,0.38343,original
paracetamol_500mg,substandard_0957,0.32639,0.50112,0.58082,0.66801,0.51224,0.3903,substandard
paracetamol_500mg,substandard_0587,0.35154,0.47527,0.56049,0.73992,0.5456,0.45001,substandard
paracetamol_500mg,original_0221,0.29333,0.41482,0.62274,0.73522,0.42244,0.38905,original
paracetamol_500mg,substandard_0917,0.35642,0.4398,0.58693,0.65488,0.55129,0.47866,substandard
paracetamol_500mg,substandard_0998,0.35211,0.48542,0.53501,0.65852,0.52115,0.39722,substandard
paracetamol_500mg,substandard_0347,0.33294,0.48332,0.53916,0.7112,0.55973,0.40736,substandard
paracetamol_500mg,substandard_0504,0.36741,0.47818,0.59002,0.66789,0.52548,0.41758,substandard
paracetamol_500mg,substandard_0235,0.3012,0.44313,0.55012,0.69946,0.49573,0.40626,substandard
paracetamol_500mg,different_0155,0.29092,0.3887,0.67431,0.72774,0.57066,0.49041,different
paracetamol_500mg,original_0646,0.30399,0.43285,0.62956,0.69314,0.5054,0.35612,original
paracetamol_500mg,original_0032,0.31635,0.40842,0.59844,0.73325,0.48647,0.36575,original
paracetamol_500mg,original_0954,0.34477,0.43487,0.61283,0.76159,0.52958,0.39673,original
paracetamol_500mg,substandard_0783,0.3721,0.46031,0.60963,0.73557,0.55653,0.40117,substandard
paracetamol_500mg,original_0609,0.32306,0.42646,0.58347,0.75617,0.47154,0.35174,original
paracetamol_500mg,original_0992,0.28197,0.43954,0.62794,0.70556,0.48301,0.40159,original
paracetamol_500mg,substandard_0101,0.30558,0.41862,0.53024,0.65206,0.4823,0.40613,substandard
paracetamol_500mg,original_0370,0.32528,0.44095,0.59483,0.73923,0.49288,0.35631,original
paracetamol_500mg,original_0582,0.32238,0.39163,0.62767,0.70158,0.50526,0.38937,original
paracetamol_500mg,different_0195,0.2945,0.3898,0.6705,0.79509,0.56681,0.48696,different
paracetamol_500mg,substandard_0008,0.32339,0.45397,0.54055,0.67855,0.54801,0.42778,substandard
paracetamol_500mg,original_0060,0.29145,0.43171,0.62694,0.72459,0.46621,0.40933,original
paracetamol_500mg,substandard_0148,0.33335,0.45277,0.53232,0.66305,0.52174,0.44468,substandard
paracetamol_500mg,original_0931,0.24406,0.41399,0.61735,0.7112,0.46247,0.39183,original
paracetamol_500mg,substandard_0001,0.34559,0.50623,0.54773,0.72755,0.52125,0.47079,substandard
paracetamol_500mg,substandard_0554,0.34364,0.48103,0.5688,0.72227,0.51709,0.44888,substandard
paracetamol_500mg,different_0546,0.25269,0.32954,0.70768,0.75529,0.54101,0.46454,different
paracetamol_500mg,substandard_0782,0.34537,0.4674,0.52768,0.70952,0.52317,0.41031,substandard
paracetamol_500mg,substandard_0317,0.33772,0.44996,0.54155,0.71465,0.51938,0.43844,substandard
paracetamol_500mg,different_0562,0.28019,0.36065,0.64701,0.78126,0.55998,0.44257,different
paracetamol_500mg,different_0761,0.25823,0.36852,0.67064,0.78586,0.59666,0.50745,different
paracetamol_500mg,original_0795,0.32728,0.42632,0.63481,0.77097,0.44346,0.37328,original
paracetamol_500mg,substandard_0312,0.35424,0.44869,0.54704,0.66794,0.52076,0.41673,substandard
paracetamol_500mg,substandard_0142,0.33437,0.47324,0.56897,0.70138,0.5279,0.42698,substandard
paracetamol_500mg,original_0821,0.30862,0.4192,0.58305,0.73733,0.54192,0.36416,original
paracetamol_500mg,original_0708,0.30809,0.41312,0.62004,0.72763,0.454,0.42107,original
paracetamol_500mg,original_0627,0.30139,0.41694,0.60005,0.72508,0.50996,0.39919,original
paracetamol_500mg,substandard_0610,0.32841,0.44299,0.53052,0.6851,0.53325,0.38471,substandard
paracetamol_500mg,substandard_0162,0.32104,0.4125,0.60044,0.65037,0.5019,0.39827,substandard
paracetamol_500mg,original_0022,0.32563,0.44886,0.61293,0.73717,0.4578,0.44108,original
paracetamol_500mg,original_0854,0.26735,0.39086,0.59681,0.73458,0.44193,0.35645,original
paracetamol_500mg,different_0539,0.26017,0.37553,0.65173,0.77929,0.54522,0.4878,different
paracetamol_500mg,different_0394,0.29175,0.36405,0.7266,0.78702,0.57304,0.52126,different
paracetamol_500mg,original_0573,0.28944,0.38807,0.5986,0.7536,0.48958,0.40041,original
paracetamol_500mg,substandard_0115,0.3452,0.48944,0.57312,0.67735,0.54114,0.42722,substandard
paracetamol_500mg,original_0258,0.33564,0.47381,0.66357,0.79033,0.48996,0.40669,original
paracetamol_500mg,different_0463,0.28071,0.38256,0.68402,0.7667,0.57602,0.48588,different
paracetamol_500mg,different_0122,0.29001,0.38278,0.70932,0.80647,0.57921,0.51926,different
paracetamol_500mg,original_0191,0.32546,0.42737,0.62183,0.7361,0.47207,0.35418,original
paracetamol_500mg,different_0383,0.31768,0.36996,0.64522,0.77781,0.57895,0.49428,different
paracetamol_500mg,substandard_0266,0.36092,0.45806,0.57161,0.65708,0.53966,0.41351,substandard
paracetamol_500mg,substandard_0916,0.33704,0.42878,0.57213,0.65142,0.53156,0.44764,substandard
paracetamol_500mg,substandard_0663,0.35573,0.46641,0.58603,0.70478,0.51482,0.43747,substandard
paracetamol_500mg,original_0699,0.29439,0.44575,0.62514,0.7126,0.45173,0.42394,original
paracetamol_500mg,different_0431,0.29173,0.40159,0.68932,0.78993,0.63428,0.52284,different
paracetamol_500mg,original_0030,0.32301,0.4313,0.62244,0.67558,0.48085,0.34021,original
paracetamol_500mg,original_0595,0.27583,0.36462,0.60871,0.69933,0.47201,0.34808,original
paracetamol_500mg,substandard_0007,0.36207,0.47972,0.53849,0.72484,0.49429,0.4436,substandard
paracetamol_500mg,substandard_0003,0.32413,0.5143,0.60292,0.71958,0.54288,0.43716,substandard
paracetamol_500mg,different_0673,0.26905,0.36821,0.72083,0.72969,0.56815,0.46151,different
paracetamol_500mg,original_0150,0.31673,0.395,0.63032,0.75751,0.52571,0.36677,original
paracetamol_500mg,different_0225,0.24398,0.35357,0.63997,0.75273,0.58534,0.50582,different
paracetamol_500mg,substandard_0756,0.38151,0.50755,0.5721,0.68975,0.55927,0.48597,substandard
paracetamol_500mg,original_0629,0.28961,0.41825,0.59019,0.76523,0.49817,0.37926,original
paracetamol_500mg,different_0514,0.2703,0.39906,0.70166,0.77186,0.56693,0.4737,different
paracetamol_500mg,different_0697,0.27836,0.38363,0.66181,0.80632,0.60819,0.46711,different
paracetamol_500mg,substandard_0726,0.32346,0.50667,0.61305,0.70292,0.53564,0.45712,substandard
paracetamol_500mg,substandard_0036,0.36021,0.48349,0.60578,0.71082,0.55156,0.4596,substandard
paracetamol_500mg,different_0723,0.26002,0.38451,0.64361,0.75084,0.55551,0.495,different
paracetamol_500mg,different_0672,0.22315,0.32094,0.6263,0.76603,0.57929,0.4424,different
paracetamol_500mg,substandard_0218,0.31322,0.44647,0.58229,0.70545,0.55738,0.47545,substandard
paracetamol_500mg,original_0967,0.33274,0.44923,0.62549,0.74294,0.46484,0.38942,original
paracetamol_500mg,different_0338,0.2725,0.38813,0.70041,0.83287,0.6004,0.5095,different
paracetamol_500mg,substandard_0190,0.33235,0.41029,0.51601,0.66209,0.547,0.40731,substandard
paracetamol_500mg,different_0875,0.26183,0.40099,0.66396,0.78696,0.58714,0.49569,different
paracetamol_500mg,substandard_0217,0.3482,0.43803,0.53267,0.62575,0.48407,0.37349,substandard
paracetamol_500mg,substandard_0952,0.375,0.46616,0.53845,0.72604,0.54197,0.47858,substandard
paracetamol_500mg,original_0775,0.30549,0.40449,0.59123,0.75025,0.49276,0.4031,original
paracetamol_500mg,different_0996,0.28002,0.4039,0.66697,0.77554,0.56521,0.49344,different
paracetamol_500mg,different_0620,0.24909,0.37261,0.65464,0.75919,0.56621,0.44005,different
paracetamol_500mg,substandard_0123,0.32886,0.49125,0.58768,0.69316,0.54863,0.40342,substandard
paracetamol_500mg,substandard_0068,0.36218,0.46711,0.54841,0.70796,0.51245,0.41907,substandard
paracetamol_500mg,substandard_0042,0.35879,0.4573,0.60076,0.66812,0.52839,0.42438,substandard
paracetamol_500mg,substandard_0270,0.31439,0.42491,0.57974,0.68359,0.51138,0.36013,substandard
paracetamol_500mg,substandard_0522,0.31795,0.43339,0.60598,0.67577,0.56604,0.44181,substandard
paracetamol_500mg,different_0909,0.25536,0.40922,0.62381,0.79179,0.61697,0.50016,different
paracetamol_500mg,original_0251,0.33536,0.4302,0.62231,0.7324,0.50426,0.40071,original
paracetamol_500mg,substandard_0184,0.3331,0.43148,0.52511,0.63906,0.52935,0.42861,substandard
paracetamol_500mg,substandard_0187,0.28819,0.455,0.5307,0.64525,0.47228,0.37426,substandard
paracetamol_500mg,different_0732,0.27759,0.36918,0.67964,0.75487,0.56603,0.48198,different
paracetamol_500mg,original_0641,0.30353,0.42971,0.61496,0.7183,0.49778,0.39563,original
paracetamol_500mg,original_0511,0.29693,0.39407,0.60669,0.74499,0.494,0.40232,original
paracetamol_500mg,original_0190,0.26989,0.40027,0.59046,0.73321,0.46651,0.38638,original
paracetamol_500mg,substandard_0890,0.38112,0.46575,0.57607,0.69523,0.60021,0.45973,substandard
paracetamol_500mg,original_0212,0.31677,0.42169,0.59536,0.72709,0.48323,0.40921,original
paracetamol_500mg,substandard_0556,0.39112,0.53775,0.60469,0.72963,0.58786,0.45832,substandard
paracetamol_500mg,original_0591,0.33479,0.45772,0.6387,0.73177,0.49312,0.40608,original
paracetamol_500mg,substandard_0714,0.38183,0.45003,0.58783,0.7136,0.51864,0.43548,substandard
paracetamol_500mg,original_0802,0.2767,0.41671,0.60925,0.70059,0.4538,0.36994,original
paracetamol_500mg,substandard_0463,0.3258,0.45998,0.56864,0.67903,0.52907,0.44063,substandard
paracetamol_500mg,original_0411,0.30099,0.406,0.62582,0.74294,0.46327,0.42424,original
paracetamol_500mg,original_0198,0.30986,0.45899,0.61635,0.73997,0.53252,0.39861,original
paracetamol_500mg,original_0124,0.30782,0.41693,0.57638,0.70848,0.49199,0.39375,original
paracetamol_500mg,original_0464,0.365,0.42512,0.62519,0.7443,0.45134,0.40898,original
paracetamol_500mg,original_0502,0.30712,0.40026,0.64405,0.68319,0.47586,0.39143,original
paracetamol_500mg,original_0580,0.31368,0.40748,0.61534,0.72444,0.47367,0.35087,original
paracetamol_500mg,substandard_0024,0.33418,0.50188,0.53775,0.69969,0.53021,0.38953,substandard
paracetamol_500mg,original_0331,0.25643,0.41973,0.61538,0.71073,0.46692,0.41545,original
paracetamol_500mg,original_0652,0.3247,0.44336,0.62976,0.70712,0.49591,0.37648,original
paracetamol_500mg,substandard_0435,0.34778,0.45751,0.50649,0.68374,0.56042,0.38111,substandard
paracetamol_500mg,different_0294,0.29833,0.3695,0.6703,0.7907,0.57462,0.50531,different
paracetamol_500mg,original_0381,0.32329,0.43952,0.63273,0.73134,0.44449,0.36831,original
paracetamol_500mg,original_0440,0.28171,0.4368,0.58543,0.69121,0.50879,0.4017,original
paracetamol_500mg,substandard_0973,0.29318,0.41296,0.55915,0.66924,0.47398,0.43056,substandard
paracetamol_500mg,substandard_0640,0.32481,0.46111,0.56102,0.69462,0.51182,0.40185,substandard
paracetamol_500mg,original_0346,0.30812,0.41165,0.61955,0.77973,0.49492,0.38978,original
paracetamol_500mg,substandard_0374,0.32808,0.4276,0.52519,0.69074,0.49376,0.43461,substandard
paracetamol_500mg,substandard_0498,0.33742,0.43433,0.53348,0.68429,0.52993,0.39389,substandard
paracetamol_500mg,original_0082,0.29467,0.41436,0.58519,0.72038,0.47695,0.37121,original
paracetamol_500mg,substandard_0839,0.33914,0.42219,0.53979,0.66603,0.53187,0.40009,substandard
paracetamol_500mg,substandard_0558,0.36815,0.43939,0.57903,0.70566,0.57241,0.38737,substandard
paracetamol_500mg,substandard_0879,0.34477,0.42271,0.5888,0.70116,0.54751,0.44478,substandard
paracetamol_500mg,original_0029,0.28903,0.4149,0.62591,0.72113,0.51569,0.38764,original
paracetamol_500mg,different_0376,0.25331,0.31579,0.705,0.78887,0.62137,0.47832,different
paracetamol_500mg,different_0340,0.26439,0.3487,0.64802,0.74472,0.56342,0.49268,different
paracetamol_500mg,original_0317,0.3089,0.42664,0.63042,0.71689,0.49254,0.4051,original
paracetamol_500mg,substandard_0999,0.34486,0.49031,0.61267,0.70194,0.55654,0.46414,substandard
paracetamol_500mg,substandard_0611,0.3208,0.45894,0.58103,0.66424,0.48428,0.4599,substandard
paracetamol_500mg,substandard_0287,0.33174,0.44307,0.58195,0.72568,0.53269,0.42544,substandard
paracetamol_500mg,different_0847,0.28058,0.37172,0.65342,0.75886,0.58851,0.48804,different
paracetamol_500mg,different_0689,0.22228,0.30818,0.64385,0.74818,0.52258,0.47401,different
paracetamol_500mg,original_0695,0.27377,0.39247,0.62094,0.69711,0.49094,0.37872,original
paracetamol_500mg,substandard_0314,0.34027,0.3964,0.54125,0.7256,0.47659,0.39752,substandard
paracetamol_500mg,different_0192,0.26444,0.37567,0.69728,0.7708,0.57525,0.49412,different
paracetamol_500mg,different_0715,0.27377,0.37351,0.67323,0.75721,0.57588,0.44445,different
paracetamol_500mg,original_0766,0.31902,0.41179,0.61005,0.73606,0.4772,0.39106,original
paracetamol_500mg,original_0619,0.29986,0.43839,0.62095,0.73053,0.48087,0.3733,original
paracetamol_500mg,substandard_0307,0.29472,0.45485,0.60163,0.68521,0.51083,0.43069,substandard
paracetamol_500mg,substandard_0254,0.31315,0.44583,0.56128,0.67584,0.5009,0.39135,substandard
paracetamol_500mg,substandard_0131,0.36978,0.45244,0.60103,0.69466,0.5515,0.45647,substandard
paracetamol_500mg,original_0696,0.31925,0.40362,0.61386,0.72882,0.44869,0.40284,original
paracetamol_500mg,substandard_0677,0.35259,0.48488,0.59578,0.66889,0.55232,0.42697,substandard
paracetamol_500mg,original_0866,0.29632,0.40249,0.56487,0.70772,0.45314,0.44649,original
paracetamol_500mg,substandard_0378,0.32374,0.47106,0.59538,0.68268,0.54836,0.43996,substandard
paracetamol_500mg,original_0730,0.3561,0.39921,0.64114,0.72152,0.47956,0.42091,original
paracetamol_500mg,substandard_0468,0.33887,0.43973,0.54631,0.6656,0.50537,0.3979,substandard
paracetamol_500mg,different_0055,0.24982,0.4021,0.70381,0.79597,0.59444,0.43962,different
paracetamol_500mg,different_0038,0.2659,0.40408,0.67213,0.75693,0.60276,0.48452,different
paracetamol_500mg,original_0579,0.33158,0.38719,0.56343,0.70623,0.47854,0.36933,original
paracetamol_500mg,different_0295,0.29365,0.44725,0.71563,0.7588,0.59909,0.48348,different
paracetamol_500mg,substandard_0678,0.31708,0.48713,0.57478,0.67391,0.54453,0.47649,substandard
paracetamol_500mg,different_0534,0.27742,0.37342,0.65005,0.75877,0.53304,0.4607,different
paracetamol_500mg,different_0943,0.25543,0.39575,0.64464,0.77568,0.56477,0.44939,different
paracetamol_500mg,substandard_0461,0.34257,0.47719,0.5363,0.68513,0.51344,0.43416,substandard
paracetamol_500mg,different_0131,0.21786,0.38763,0.67211,0.753,0.55475,0.46321,different
paracetamol_500mg,original_0670,0.30253,0.41185,0.61536,0.72631,0.51708,0.36047,original
paracetamol_500mg,substandard_0176,0.33641,0.41438,0.57867,0.64814,0.48898,0.41855,substandard
paracetamol_500mg,different_0937,0.26869,0.35766,0.69437,0.73064,0.55367,0.50789,different
paracetamol_500mg,substandard_0283,0.33731,0.45648,0.60254,0.6815,0.50343,0.43715,substandard
paracetamol_500mg,original_0049,0.30921,0.37269,0.6368,0.69479,0.47797,0.39489,original
paracetamol_500mg,substandard_0414,0.33969,0.42535,0.57666,0.6841,0.52145,0.43376,substandard
paracetamol_500mg,substandard_0271,0.27951,0.41745,0.52484,0.66082,0.47538,0.4063,substandard
paracetamol_500mg,substandard_0359,0.28598,0.46481,0.55878,0.69945,0.48,0.45431,substandard
paracetamol_500mg,original_0035,0.30944,0.45141,0.63499,0.7235,0.46657,0.41655,original
paracetamol_500mg,different_0658,0.30182,0.32848,0.68717,0.76454,0.5642,0.44796,different
paracetamol_500mg,original_0227,0.33911,0.45055,0.60282,0.74442,0.50268,0.39503,original
paracetamol_500mg,substandard_0859,0.36946,0.45297,0.55123,0.67905,0.47851,0.45725,substandard
paracetamol_500mg,original_0810,0.33553,0.40248,0.63233,0.75505,0.49473,0.41867,original
paracetamol_500mg,original_0144,0.27916,0.38697,0.6347,0.75626,0.43622,0.43498,original
paracetamol_500mg,substandard_0450,0.33068,0.42832,0.53052,0.69419,0.48556,0.41764,substandard
paracetamol_500mg,different_0298,0.30711,0.38267,0.65041,0.75139,0.60383,0.52883,different
paracetamol_500mg,original_0541,0.29614,0.41779,0.62749,0.71103,0.46407,0.41433,original
paracetamol_500mg,original_0537,0.3198,0.39687,0.62339,0.73658,0.47787,0.35274,original
paracetamol_500mg,different_0181,0.26967,0.33781,0.688,0.73715,0.5519,0.44777,different
paracetamol_500mg,different_0094,0.25393,0.37606,0.67197,0.7509,0.56028,0.50086,different
paracetamol_500mg,substandard_0820,0.32872,0.48847,0.58344,0.65047,0.46136,0.39725,substandard
paracetamol_500mg,original_0066,0.3031,0.44584,0.61215,0.74614,0.49699,0.37774,original
paracetamol_500mg,different_0386,0.2388,0.35731,0.65485,0.78026,0.61485,0.47473,different
paracetamol_500mg,original_0845,0.30937,0.38823,0.616,0.69668,0.48978,0.33684,original
paracetamol_500mg,original_0756,0.27857,0.38036,0.60077,0.77437,0.42708,0.39795,original
paracetamol_500mg,different_0158,0.30878,0.346,0.68997,0.81584,0.57205,0.53282,different
paracetamol_500mg,original_0100,0.30303,0.39838,0.57447,0.7022,0.48535,0.40433,original
paracetamol_500mg,different_0799,0.28683,0.39437,0.66945,0.77502,0.60921,0.49632,different
paracetamol_500mg,original_0636,0.33178,0.44391,0.56905,0.71537,0.44219,0.33774,original
paracetamol_500mg,different_0831,0.25465,0.36564,0.6354,0.78612,0.63996,0.48919,different
paracetamol_500mg,different_0734,0.27176,0.36539,0.63996,0.73607,0.54026,0.48815,different
paracetamol_500mg,original_0372,0.28735,0.45316,0.66662,0.73084,0.50435,0.39805,original
paracetamol_500mg,original_0880,0.28386,0.41527,0.57281,0.71833,0.45984,0.39442,original
paracetamol_500mg,substandard_0420,0.36166,0.48837,0.61463,0.69828,0.54792,0.48115,substandard
paracetamol_500mg,substandard_0805,0.33351,0.48717,0.58083,0.69222,0.54398,0.41894,substandard
paracetamol_500mg,different_0292,0.29211,0.42832,0.70112,0.81048,0.6002,0.55325,different
paracetamol_500mg,different_0999,0.27917,0.38553,0.67769,0.79499,0.5529,0.50065,different
paracetamol_500mg,different_0449,0.2725,0.36662,0.6681,0.75547,0.59321,0.47151,different
paracetamol_500mg,substandard_0329,0.32252,0.45484,0.59418,0.71172,0.53396,0.42018,substandard
paracetamol_500mg,substandard_0901,0.28545,0.41161,0.52403,0.66091,0.41627,0.41381,substandard
paracetamol_500mg,original_0679,0.30635,0.43105,0.62793,0.72031,0.50454,0.41682,original
paracetamol_500mg,substandard_0650,0.31966,0.4623,0.57639,0.66408,0.54595,0.45692,substandard
paracetamol_500mg,substandard_0655,0.34529,0.45542,0.528,0.64536,0.51245,0.42454,substandard
paracetamol_500mg,original_0797,0.2716,0.39859,0.58188,0.7301,0.50843,0.42198,original
paracetamol_500mg,different_0941,0.20698,0.40059,0.66738,0.76588,0.56778,0.43589,different
paracetamol_500mg,substandard_0490,0.31862,0.46643,0.62378,0.74189,0.52593,0.43643,substandard
paracetamol_500mg,original_0760,0.24166,0.40253,0.56913,0.67606,0.43148,0.36001,original
paracetamol_500mg,original_0955,0.29992,0.42818,0.61096,0.76916,0.50854,0.37598,original
paracetamol_500mg,original_0938,0.34812,0.4765,0.62892,0.71318,0.53812,0.37589,original
paracetamol_500mg,different_0501,0.29779,0.40513,0.67396,0.75435,0.58247,0.47429,different
paracetamol_500mg,substandard_0801,0.34767,0.48462,0.60457,0.67134,0.53909,0.47241,substandard
paracetamol_500mg,substandard_0306,0.34825,0.40991,0.5405,0.71715,0.49971,0.37772,substandard
paracetamol_500mg,original_0185,0.25325,0.41165,0.59173,0.75463,0.5022,0.38593,original
paracetamol_500mg,different_0209,0.26316,0.36013,0.68723,0.80453,0.54928,0.46125,different
paracetamol_500mg,different_0984,0.25966,0.34656,0.67813,0.73902,0.5576,0.4128,different
paracetamol_500mg,original_0092,0.3525,0.43854,0.61776,0.70087,0.45292,0.35191,original
paracetamol_500mg,different_0838,0.271,0.3482,0.6635,0.7457,0.56066,0.48104,different
paracetamol_500mg,substandard_0159,0.32382,0.42779,0.53326,0.67383,0.53177,0.41333,substandard
paracetamol_500mg,different_0287,0.28598,0.34651,0.65704,0.77839,0.58435,0.4828,different
paracetamol_500mg,original_0288,0.25536,0.41558,0.63976,0.72864,0.44952,0.35535,original
paracetamol_500mg,different_0655,0.29565,0.39446,0.71097,0.74335,0.61736,0.50254,different
paracetamol_500mg,substandard_0464,0.33307,0.40492,0.55417,0.68151,0.48205,0.419,substandard
paracetamol_500mg,original_0957,0.31748,0.41466,0.62257,0.71104,0.46365,0.36191,original
paracetamol_500mg,original_0004,0.28124,0.37449,0.58255,0.72005,0.4524,0.36722,original
paracetamol_500mg,original_0268,0.31605,0.42925,0.60643,0.70412,0.47083,0.36483,original
paracetamol_500mg,different_0502,0.22596,0.36668,0.67488,0.77161,0.59945,0.47173,different
paracetamol_500mg,different_0367,0.32068,0.39104,0.71122,0.75451,0.6088,0.44926,different
paracetamol_500mg,original_0533,0.31748,0.40183,0.58347,0.70851,0.48832,0.34727,original
paracetamol_500mg,original_0792,0.28449,0.42431,0.60865,0.76117,0.51045,0.39345,original
paracetamol_500mg,original_0822,0.33909,0.43527,0.58915,0.69153,0.44442,0.34983,original
paracetamol_500mg,original_0282,0.30764,0.39352,0.62347,0.73935,0.49106,0.3606,original
paracetamol_500mg,different_0892,0.26367,0.35592,0.65975,0.77452,0.56131,0.5078,different
paracetamol_500mg,substandard_0550,0.30868,0.43596,0.5646,0.67124,0.50883,0.37138,substandard
paracetamol_500mg,different_0957,0.26409,0.38506,0.6707,0.77392,0.55147,0.48741,different
paracetamol_500mg,substandard_0475,0.35696,0.45463,0.57366,0.6617,0.50112,0.46397,substandard
paracetamol_500mg,different_0460,0.26769,0.36286,0.66617,0.7329,0.53594,0.53,different
paracetamol_500mg,different_0969,0.29688,0.38195,0.67934,0.73195,0.55443,0.51206,different
paracetamol_500mg,substandard_0279,0.33122,0.46149,0.54984,0.64791,0.52965,0.4189,substandard
paracetamol_500mg,different_0938,0.28724,0.37486,0.67964,0.81392,0.57698,0.49985,different
paracetamol_500mg,substandard_0573,0.38142,0.46534,0.60085,0.67696,0.54271,0.45169,substandard
paracetamol_500mg,substandard_0649,0.31068,0.45175,0.59404,0.68418,0.55843,0.44507,substandard
paracetamol_500mg,original_0520,0.3162,0.39175,0.65444,0.69585,0.45192,0.38496,original
paracetamol_500mg,original_0737,0.33337,0.45633,0.62436,0.74527,0.51982,0.41082,original
paracetamol_500mg,original_0005,0.31227,0.43994,0.64615,0.79116,0.51962,0.41944,original
paracetamol_500mg,substandard_0210,0.33399,0.46284,0.537,0.6965,0.48467,0.40033,substandard
paracetamol_500mg,different_0343,0.26989,0.37756,0.70371,0.78972,0.57164,0.5138,different
paracetamol_500mg,different_0071,0.28597,0.37473,0.67464,0.7976,0.59573,0.4664,different
paracetamol_500mg,original_0290,0.32821,0.42767,0.59826,0.74425,0.46209,0.41822,original
paracetamol_500mg,original_0140,0.29016,0.38254,0.56936,0.69669,0.48645,0.38505,original
paracetamol_500mg,original_0687,0.35854,0.4019,0.62542,0.76462,0.44369,0.371,original
paracetamol_500mg,original_0999,0.33608,0.41999,0.63945,0.76646,0.48855,0.3807,original
paracetamol_500mg,different_0811,0.30911,0.35019,0.69179,0.81383,0.60705,0.48895,different
paracetamol_500mg,original_0323,0.3266,0.39137,0.59157,0.74138,0.47428,0.39549,original
paracetamol_500mg,substandard_0422,0.34701,0.43514,0.57502,0.653,0.44542,0.41737,substandard
paracetamol_500mg,different_0240,0.28501,0.36314,0.67773,0.77888,0.60362,0.49719,different
paracetamol_500mg,substandard_0822,0.33914,0.44624,0.56165,0.70996,0.51174,0.40031,substandard
paracetamol_500mg,substandard_0467,0.37724,0.48142,0.58878,0.70915,0.53179,0.43426,substandard
paracetamol_500mg,different_0634,0.26077,0.3778,0.66047,0.73796,0.57419,0.48557,different
paracetamol_500mg,substandard_0137,0.2869,0.47025,0.55453,0.70313,0.53917,0.42116,substandard
paracetamol_500mg,substandard_0185,0.30243,0.4139,0.55444,0.71273,0.51088,0.44615,substandard
paracetamol_500mg,substandard_0885,0.35507,0.48928,0.58491,0.6974,0.51927,0.45652,substandard
paracetamol_500mg,original_0305,0.2874,0.41258,0.66025,0.73133,0.46962,0.38226,original
paracetamol_500mg,original_0663,0.26271,0.41277,0.59785,0.76954,0.4725,0.41139,original
paracetamol_500mg,original_0864,0.30846,0.39031,0.65913,0.8153,0.5319,0.4026,original
paracetamol_500mg,substandard_0025,0.3605,0.46457,0.56026,0.68758,0.52208,0.41864,substandard
paracetamol_500mg,substandard_0027,0.32141,0.45354,0.5838,0.72555,0.52548,0.4243,substandard
paracetamol_500mg,substandard_0227,0.32985,0.45295,0.56612,0.7108,0.54955,0.42597,substandard
paracetamol_500mg,substandard_0244,0.32593,0.45165,0.54031,0.6597,0.48446,0.41043,substandard
paracetamol_500mg,different_0493,0.29399,0.37602,0.69463,0.75032,0.54378,0.4816,different
paracetamol_500mg,different_0635,0.29371,0.35511,0.66658,0.79437,0.61168,0.51786,different
paracetamol_500mg,original_0896,0.29347,0.41931,0.62722,0.73816,0.45032,0.40005,original
paracetamol_500mg,different_0280,0.28141,0.36809,0.69016,0.77846,0.58451,0.51185,different
paracetamol_500mg,original_0855,0.29586,0.39741,0.60692,0.74619,0.45741,0.37843,original
paracetamol_500mg,substandard_0298,0.32073,0.47661,0.5861,0.67474,0.52096,0.43259,substandard
paracetamol_500mg,original_0668,0.31867,0.44815,0.64214,0.73815,0.45253,0.3393,original
paracetamol_500mg,substandard_0318,0.32221,0.40481,0.56047,0.67057,0.51102,0.41099,substandard
paracetamol_500mg,different_0614,0.2884,0.39339,0.66354,0.77336,0.5616,0.50653,different
paracetamol_500mg,substandard_0771,0.34466,0.46168,0.56981,0.65566,0.49886,0.45684,substandard
paracetamol_500mg,different_0906,0.28587,0.37925,0.65751,0.76531,0.57558,0.48719,different
paracetamol_500mg,original_0566,0.32307,0.45116,0.59551,0.71388,0.52922,0.36009,original
paracetamol_500mg,original_0910,0.31034,0.41925,0.62936,0.75866,0.50839,0.37826,original
paracetamol_500mg,different_0175,0.24239,0.32526,0.60968,0.77273,0.52463,0.4313,different
paracetamol_500mg,original_0546,0.3062,0.40452,0.62659,0.69429,0.45959,0.38399,original
paracetamol_500mg,original_0551,0.2968,0.42134,0.63556,0.74771,0.48447,0.39471,original
paracetamol_500mg,substandard_0832,0.35824,0.49094,0.56517,0.69493,0.51987,0.4399,substandard
paracetamol_500mg,original_0529,0.35646,0.41621,0.61305,0.78643,0.49167,0.39683,original
paracetamol_500mg,different_0412,0.27658,0.41712,0.6591,0.75602,0.54528,0.44185,different
paracetamol_500mg,substandard_0106,0.31392,0.43688,0.5404,0.688,0.4935,0.44762,substandard
paracetamol_500mg,different_0435,0.26176,0.41891,0.71635,0.76526,0.58044,0.48463,different
paracetamol_500mg,original_0096,0.32079,0.4057,0.6114,0.73658,0.46914,0.35774,original
paracetamol_500mg,different_0834,0.32684,0.43,0.72794,0.79067,0.59241,0.5606,different
paracetamol_500mg,substandard_0725,0.28451,0.39308,0.54505,0.70586,0.50793,0.40629,substandard
paracetamol_500mg,substandard_0719,0.32514,0.45557,0.6106,0.70432,0.50536,0.40619,substandard
paracetamol_500mg,substandard_0951,0.34874,0.47003,0.55896,0.70378,0.50302,0.42716,substandard
paracetamol_500mg,original_0548,0.3198,0.40671,0.56986,0.74487,0.47666,0.38086,original
paracetamol_500mg,different_0236,0.24434,0.3647,0.63163,0.75352,0.55514,0.48659,different
paracetamol_500mg,different_0230,0.2803,0.38859,0.64521,0.74617,0.56416,0.44452,different
paracetamol_500mg,different_0718,0.24765,0.36942,0.67023,0.78224,0.5912,0.47559,different
paracetamol_500mg,substandard_0856,0.31977,0.43875,0.51882,0.66173,0.49479,0.38392,substandard
paracetamol_500mg,substandard_0067,0.37064,0.49057,0.61158,0.73103,0.57569,0.47165,substandard
paracetamol_500mg,original_0674,0.304,0.41364,0.6668,0.74598,0.50494,0.34036,original
paracetamol_500mg,substandard_0910,0.37262,0.43885,0.56081,0.67911,0.49144,0.43275,substandard
paracetamol_500mg,different_0077,0.28865,0.37246,0.64104,0.80816,0.59273,0.4894,different
paracetamol_500mg,different_0699,0.26553,0.3407,0.68307,0.77414,0.55598,0.45931,different
paracetamol_500mg,substandard_0083,0.34458,0.48097,0.58459,0.75135,0.52157,0.44025,substandard
paracetamol_500mg,original_0727,0.34507,0.44732,0.60722,0.76403,0.48337,0.40903,original
paracetamol_500mg,substandard_0939,0.30073,0.42523,0.58459,0.70543,0.48646,0.36732,substandard
paracetamol_500mg,substandard_0394,0.36509,0.46496,0.56606,0.68861,0.50248,0.47066,substandard
paracetamol_500mg,original_0799,0.32455,0.42089,0.61239,0.72407,0.49941,0.43503,original
paracetamol_500mg,substandard_0356,0.35783,0.45641,0.55793,0.71096,0.48071,0.43371,substandard
paracetamol_500mg,substandard_0260,0.33303,0.43403,0.5661,0.64706,0.53942,0.46811,substandard
paracetamol_500mg,different_0041,0.26028,0.377,0.64561,0.77909,0.56044,0.48622,different
paracetamol_500mg,substandard_0124,0.34419,0.49815,0.5911,0.73289,0.51562,0.47541,substandard
paracetamol_500mg,different_0774,0.28855,0.3671,0.64245,0.80808,0.5565,0.46294,different
paracetamol_500mg,different_0221,0.26835,0.3665,0.66137,0.79089,0.56648,0.40939,different
paracetamol_500mg,different_0483,0.26972,0.39024,0.65638,0.75949,0.55318,0.46654,different
paracetamol_500mg,different_0805,0.25565,0.3554,0.66638,0.80333,0.57253,0.50266,different
paracetamol_500mg,original_0805,0.25534,0.41751,0.58719,0.70118,0.43367,0.36768,original
paracetamol_500mg,original_0159,0.30398,0.41494,0.57079,0.70594,0.48614,0.35344,original
paracetamol_500mg,original_0267,0.30763,0.35546,0.56598,0.69401,0.46435,0.34959,original
paracetamol_500mg,original_0158,0.33962,0.44646,0.57486,0.72899,0.48093,0.39065,original
paracetamol_500mg,substandard_0563,0.38684,0.46227,0.57519,0.72604,0.54003,0.42094,substandard
paracetamol_500mg,different_0650,0.30389,0.36369,0.68841,0.7309,0.57256,0.46643,different
paracetamol_500mg,different_0702,0.26844,0.35993,0.6839,0.75425,0.5772,0.45927,different
paracetamol_500mg,original_0611,0.31959,0.39304,0.61482,0.74828,0.46797,0.35967,original
paracetamol_500mg,substandard_0943,0.3336,0.4311,0.5593,0.70851,0.46056,0.41521,substandard
paracetamol_500mg,substandard_0632,0.31917,0.48197,0.59867,0.70094,0.52025,0.46259,substandard
paracetamol_500mg,substandard_0492,0.30681,0.44686,0.60889,0.73397,0.50507,0.40983,substandard
paracetamol_500mg,original_0075,0.2638,0.40221,0.57892,0.69701,0.47633,0.35904,original
paracetamol_500mg,different_0950,0.26907,0.4061,0.68804,0.78023,0.60916,0.46622,different
paracetamol_500mg,substandard_0251,0.32117,0.47977,0.60201,0.71899,0.52647,0.46544,substandard
paracetamol_500mg,original_0010,0.30301,0.41875,0.62809,0.7618,0.49885,0.38847,original
paracetamol_500mg,different_0728,0.3328,0.37626,0.69963,0.74046,0.6138,0.4657,different
paracetamol_500mg,original_0507,0.32762,0.38882,0.58046,0.69344,0.4696,0.39869,original
paracetamol_500mg,original_0202,0.28785,0.41232,0.63669,0.74365,0.46258,0.37512,original
paracetamol_500mg,different_0713,0.21423,0.31481,0.65504,0.75613,0.51681,0.4751,different
paracetamol_500mg,substandard_0838,0.31112,0.45802,0.53959,0.67266,0.51792,0.45418,substandard
paracetamol_500mg,original_0086,0.29721,0.42288,0.5433,0.70986,0.45027,0.40152,original
paracetamol_500mg,substandard_0534,0.3494,0.45489,0.52461,0.6465,0.52258,0.42554,substandard
paracetamol_500mg,original_0209,0.3298,0.41865,0.64027,0.75982,0.4887,0.33529,original
paracetamol_500mg,original_0304,0.31778,0.45157,0.58154,0.71785,0.48129,0.39967,original
paracetamol_500mg,substandard_0285,0.34642,0.49456,0.55577,0.68705,0.48928,0.43851,substandard
paracetamol_500mg,different_0683,0.30448,0.40752,0.76228,0.79968,0.59365,0.47462,different
paracetamol_500mg,substandard_0978,0.36277,0.47465,0.62947,0.74882,0.58034,0.44586,substandard
paracetamol_500mg,original_0157,0.31038,0.47139,0.62069,0.74447,0.49203,0.40461,original
paracetamol_500mg,different_0388,0.26822,0.38618,0.61941,0.74563,0.58189,0.43198,different
paracetamol_500mg,substandard_0758,0.29451,0.43936,0.54086,0.68062,0.48433,0.40392,substandard
paracetamol_500mg,substandard_0158,0.32663,0.43593,0.52777,0.70803,0.53743,0.43869,substandard
paracetamol_500mg,original_0936,0.31858,0.40339,0.60336,0.76332,0.46936,0.40623,original
paracetamol_500mg,substandard_0644,0.34685,0.48185,0.55183,0.70224,0.54893,0.46275,substandard
paracetamol_500mg,different_0942,0.2725,0.34177,0.65143,0.79534,0.59535,0.45699,different
paracetamol_500mg,substandard_0613,0.35061,0.51341,0.59036,0.6855,0.52717,0.39867,substandard
paracetamol_500mg,original_0944,0.28031,0.46189,0.56881,0.72853,0.49005,0.44467,original
paracetamol_500mg,different_0744,0.30519,0.40068,0.68758,0.76537,0.55425,0.46937,different
paracetamol_500mg,original_0653,0.25563,0.42632,0.60356,0.7747,0.48488,0.42081,original
paracetamol_500mg,original_0117,0.31875,0.41845,0.6381,0.7019,0.47861,0.39998,original
paracetamol_500mg,different_0850,0.25371,0.35084,0.63844,0.75278,0.54972,0.4109,different
paracetamol_500mg,different_0492,0.27236,0.34669,0.6867,0.74369,0.58014,0.45418,different
paracetamol_500mg,different_0118,0.3079,0.42487,0.72354,0.80177,0.58068,0.53251,different
paracetamol_500mg,substandard_0707,0.31439,0.44168,0.58341,0.68501,0.51735,0.40428,substandard
paracetamol_500mg,different_0510,0.26344,0.37892,0.65067,0.74453,0.60649,0.45035,different
paracetamol_500mg,original_0350,0.32222,0.44494,0.62839,0.71101,0.44846,0.40201,original
paracetamol_500mg,original_0477,0.27093,0.39465,0.5898,0.74604,0.43555,0.358,original
paracetamol_500mg,original_0088,0.29251,0.41576,0.59646,0.72277,0.46926,0.39503,original
paracetamol_500mg,original_0444,0.35683,0.44283,0.6319,0.71821,0.51766,0.40192,original
paracetamol_500mg,original_0774,0.23411,0.4257,0.59662,0.69979,0.46042,0.37783,original
paracetamol_500mg,substandard_0922,0.31615,0.45884,0.53622,0.66512,0.5161,0.45759,substandard
paracetamol_500mg,different_0813,0.28307,0.35309,0.68541,0.78703,0.58147,0.50066,different
paracetamol_500mg,original_0563,0.28356,0.36298,0.56994,0.7192,0.43217,0.39362,original
paracetamol_500mg,substandard_0629,0.38167,0.45329,0.58868,0.68775,0.54963,0.47842,substandard
paracetamol_500mg,different_0269,0.25351,0.38425,0.6934,0.77117,0.55874,0.53328,different
paracetamol_500mg,original_0487,0.33074,0.41891,0.61311,0.75667,0.48561,0.44513,original
paracetamol_500mg,original_0298,0.32059,0.44471,0.59375,0.7123,0.50064,0.38681,original
paracetamol_500mg,substandard_0457,0.34418,0.4117,0.56664,0.65958,0.49963,0.39698,substandard
paracetamol_500mg,substandard_0541,0.32171,0.37944,0.5929,0.67949,0.52616,0.41756,substandard
paracetamol_500mg,original_0976,0.33598,0.41159,0.59476,0.73372,0.49562,0.41409,original
paracetamol_500mg,substandard_0458,0.35279,0.42525,0.54671,0.6808,0.54193,0.4182,substandard
paracetamol_500mg,different_0775,0.30636,0.44757,0.70963,0.80555,0.56521,0.51529,different
paracetamol_500mg,substandard_0636,0.35768,0.47832,0.57589,0.71988,0.50831,0.45719,substandard
paracetamol_500mg,substandard_0233,0.35668,0.49321,0.56307,0.65812,0.56747,0.41325,substandard
paracetamol_500mg,original_0613,0.30233,0.38961,0.5543,0.68183,0.45109,0.37487,original
paracetamol_500mg,different_0615,0.27333,0.34772,0.65396,0.77085,0.6007,0.46739,different
paracetamol_500mg,different_0917,0.25644,0.39414,0.63578,0.77117,0.56141,0.51188,different
paracetamol_500mg,different_0189,0.26369,0.3974,0.7092,0.7835,0.57463,0.50416,different
paracetamol_500mg,original_0555,0.27194,0.39103,0.57948,0.70613,0.39825,0.3234,original
paracetamol_500mg,original_0024,0.3283,0.43123,0.64958,0.72376,0.44717,0.38964,original
paracetamol_500mg,original_0467,0.30969,0.41631,0.61233,0.73033,0.46415,0.43598,original
paracetamol_500mg,original_0127,0.30745,0.37502,0.60795,0.74226,0.45656,0.37695,original
paracetamol_500mg,different_0550,0.26511,0.37028,0.70191,0.78634,0.5912,0.46093,different
paracetamol_500mg,original_0068,0.32913,0.40677,0.58908,0.75935,0.41579,0.42055,original
paracetamol_500mg,original_0419,0.33846,0.43569,0.65102,0.75635,0.48093,0.42795,original
paracetamol_500mg,substandard_0053,0.32952,0.51992,0.61683,0.74803,0.54778,0.45031,substandard
paracetamol_500mg,original_0087,0.27439,0.37594,0.59084,0.78174,0.49094,0.41064,original
paracetamol_500mg,different_0637,0.3278,0.42046,0.7058,0.83186,0.54253,0.51298,different
paracetamol_500mg,different_0518,0.2334,0.31825,0.66252,0.77019,0.56097,0.49645,different
paracetamol_500mg,substandard_0760,0.31155,0.46349,0.557,0.7329,0.52625,0.41292,substandard
paracetamol_500mg,substandard_0077,0.35135,0.47095,0.56087,0.684,0.53985,0.43736,substandard
paracetamol_500mg,original_0297,0.33619,0.43932,0.63892,0.74488,0.49865,0.41167,original
paracetamol_500mg,substandard_0720,0.33497,0.49367,0.53702,0.73578,0.57208,0.43545,substandard
paracetamol_500mg,original_0241,0.3179,0.40114,0.6356,0.72528,0.4458,0.38986,original
paracetamol_500mg,different_0862,0.28956,0.37277,0.7207,0.77696,0.57609,0.47674,different
paracetamol_500mg,original_0850,0.31572,0.47986,0.63447,0.74684,0.51281,0.43302,original
paracetamol_500mg,different_0466,0.24771,0.32257,0.66752,0.7553,0.55954,0.4547,different
paracetamol_500mg,different_0285,0.25038,0.36669,0.69048,0.80271,0.56821,0.50843,different
paracetamol_500mg,different_0167,0.26651,0.34903,0.65163,0.73267,0.56058,0.44355,different
paracetamol_500mg,substandard_0183,0.38926,0.46353,0.61622,0.6872,0.59579,0.44965,substandard
paracetamol_500mg,original_0287,0.27237,0.40573,0.57455,0.70189,0.46599,0.32998,original
paracetamol_500mg,different_0332,0.27611,0.36531,0.63016,0.76128,0.61117,0.47169,different
paracetamol_500mg,different_0997,0.24812,0.34199,0.63718,0.76948,0.57787,0.48747,different
paracetamol_500mg,different_0124,0.30183,0.36211,0.7066,0.78128,0.57166,0.50477,different
paracetamol_500mg,different_0371,0.26784,0.3886,0.67983,0.78367,0.58163,0.4968,different
paracetamol_500mg,original_0644,0.30557,0.4157,0.59849,0.69439,0.44696,0.39366,original
paracetamol_500mg,different_0176,0.27605,0.35518,0.66419,0.74705,0.55384,0.45388,different
paracetamol_500mg,different_0090,0.28233,0.37895,0.68939,0.78125,0.602,0.48096,different
paracetamol_500mg,original_0720,0.31448,0.43829,0.62921,0.71415,0.47489,0.37481,original
paracetamol_500mg,substandard_0219,0.3689,0.45368,0.58211,0.66811,0.48077,0.41967,substandard
paracetamol_500mg,substandard_0700,0.35742,0.43391,0.59207,0.70985,0.55812,0.42615,substandard
paracetamol_500mg,original_0274,0.26929,0.40897,0.56592,0.70562,0.47797,0.34918,original
paracetamol_500mg,substandard_0357,0.31644,0.43767,0.5765,0.69511,0.53428,0.43362,substandard
paracetamol_500mg,original_0310,0.31258,0.41422,0.64675,0.71505,0.49101,0.3754,original
paracetamol_500mg,substandard_0974,0.36994,0.44985,0.5829,0.68029,0.56878,0.43074,substandard
paracetamol_500mg,different_0062,0.23391,0.32704,0.60692,0.76766,0.50331,0.46544,different
paracetamol_500mg,original_0286,0.30087,0.41364,0.63628,0.74835,0.4813,0.39981,original
paracetamol_500mg,original_0754,0.31242,0.44336,0.60292,0.73363,0.45809,0.39413,original
paracetamol_500mg,different_0203,0.25551,0.34047,0.68454,0.73943,0.55442,0.46599,different
paracetamol_500mg,substandard_0189,0.28688,0.44202,0.53093,0.64735,0.49814,0.42929,substandard
paracetamol_500mg,substandard_0831,0.36754,0.47507,0.56857,0.69341,0.48806,0.42293,substandard
paracetamol_500mg,original_0080,0.30908,0.3929,0.59891,0.74264,0.47749,0.35151,original
paracetamol_500mg,original_0861,0.246,0.40752,0.58527,0.72888,0.4351,0.40128,original
paracetamol_500mg,different_0945,0.28296,0.3563,0.63083,0.73199,0.57547,0.48512,different
paracetamol_500mg,original_0908,0.3245,0.44944,0.64329,0.76008,0.54017,0.43178,original
paracetamol_500mg,substandard_0282,0.31356,0.46592,0.56252,0.69944,0.51478,0.43151,substandard
paracetamol_500mg,substandard_0652,0.30463,0.4762,0.59927,0.67534,0.55361,0.44298,substandard
paracetamol_500mg,different_0560,0.26833,0.37085,0.66242,0.76818,0.54888,0.42929,different
paracetamol_500mg,substandard_0582,0.29883,0.43245,0.54569,0.67005,0.47616,0.39241,substandard
paracetamol_500mg,substandard_0401,0.32068,0.52145,0.60101,0.73862,0.47815,0.41781,substandard
paracetamol_500mg,original_0722,0.29445,0.42669,0.63181,0.69732,0.5048,0.3899,original
paracetamol_500mg,substandard_0593,0.31487,0.49126,0.54041,0.68099,0.47602,0.41151,substandard
paracetamol_500mg,different_0758,0.29794,0.37181,0.64631,0.76611,0.60139,0.50617,different
paracetamol_500mg,different_0270,0.2719,0.35809,0.65944,0.76674,0.59359,0.46556,different
paracetamol_500mg,original_0272,0.3347,0.44894,0.62549,0.75591,0.52133,0.42401,original
paracetamol_500mg,substandard_0825,0.35095,0.47805,0.57544,0.70139,0.5496,0.44817,substandard
paracetamol_500mg,original_0853,0.33173,0.40411,0.59708,0.73201,0.48484,0.38891,original
paracetamol_500mg,original_0973,0.28986,0.40623,0.59897,0.75961,0.47448,0.36669,original
paracetamol_500mg,different_0542,0.24793,0.3927,0.72744,0.78581,0.57014,0.53346,different
paracetamol_500mg,different_0052,0.29324,0.35376,0.6748,0.69051,0.57466,0.4916,different
paracetamol_500mg,substandard_0519,0.32963,0.46417,0.57813,0.69513,0.51724,0.46447,substandard
paracetamol_500mg,different_0741,0.29375,0.35146,0.69905,0.75612,0.63014,0.50892,different
paracetamol_500mg,substandard_0177,0.32461,0.45786,0.54979,0.63721,0.49437,0.38693,substandard
paracetamol_500mg,different_0188,0.30083,0.41534,0.67787,0.76574,0.55804,0.47542,different
paracetamol_500mg,substandard_0170,0.33994,0.47271,0.55,0.72164,0.51879,0.45904,substandard
paracetamol_500mg,original_0358,0.30157,0.3999,0.62176,0.7037,0.46284,0.33762,original
paracetamol_500mg,different_0443,0.28076,0.38555,0.64565,0.75442,0.60139,0.49462,different
paracetamol_500mg,substandard_0932,0.34624,0.4501,0.53474,0.71023,0.57161,0.40475,substandard
paracetamol_500mg,original_0647,0.31529,0.4524,0.65752,0.7304,0.5089,0.37748,original
paracetamol_500mg,original_0505,0.33585,0.40461,0.64042,0.71814,0.48571,0.37906,original
paracetamol_500mg,different_0341,0.24941,0.4129,0.72179,0.80256,0.55989,0.49288,different
paracetamol_500mg,different_0138,0.26521,0.39954,0.70265,0.77795,0.58678,0.47859,different
paracetamol_500mg,substandard_0662,0.30778,0.39894,0.56963,0.67845,0.52017,0.40906,substandard
paracetamol_500mg,different_0988,0.23794,0.34191,0.67553,0.76268,0.59876,0.47956,different
paracetamol_500mg,substandard_0267,0.35462,0.477,0.52139,0.69661,0.51436,0.46216,substandard
paracetamol_500mg,substandard_0855,0.33672,0.42598,0.57311,0.71032,0.49296,0.43708,substandard
paracetamol_500mg,substandard_0959,0.31231,0.46915,0.55161,0.68894,0.51207,0.46912,substandard
paracetamol_500mg,different_0282,0.26554,0.37894,0.65793,0.7606,0.54828,0.47207,different
paracetamol_500mg,substandard_0286,0.32482,0.49432,0.55203,0.67781,0.52433,0.4073,substandard
paracetamol_500mg,original_0362,0.31326,0.43563,0.57633,0.71257,0.46929,0.37115,original
paracetamol_500mg,substandard_0377,0.33619,0.45062,0.58572,0.70198,0.49222,0.43969,substandard
paracetamol_500mg,different_0440,0.27854,0.35012,0.68045,0.78757,0.55608,0.5044,different
paracetamol_500mg,different_0870,0.26403,0.35742,0.61977,0.76982,0.54826,0.50648,different
paracetamol_500mg,different_0258,0.28094,0.37232,0.66924,0.74833,0.60219,0.48622,different
paracetamol_500mg,original_0978,0.27556,0.41414,0.59122,0.66959,0.45405,0.35001,original
paracetamol_500mg,original_0400,0.32278,0.41488,0.63072,0.8032,0.48336,0.4008,original
paracetamol_500mg,substandard_0592,0.35021,0.46117,0.63273,0.69212,0.58445,0.41107,substandard
paracetamol_500mg,different_0424,0.28117,0.36108,0.66768,0.76564,0.56435,0.44699,different
paracetamol_500mg,original_0441,0.2897,0.42209,0.60302,0.7221,0.49456,0.33502,original
paracetamol_500mg,different_0283,0.27381,0.35082,0.68059,0.73782,0.56516,0.47344,different
paracetamol_500mg,different_0075,0.27156,0.34669,0.61852,0.77851,0.58446,0.47814,different
paracetamol_500mg,substandard_0229,0.31146,0.44466,0.53554,0.71607,0.48422,0.40016,substandard
paracetamol_500mg,original_0868,0.31799,0.43743,0.66005,0.75108,0.46698,0.41068,original
paracetamol_500mg,substandard_0654,0.35114,0.49069,0.575,0.67827,0.52563,0.42026,substandard
paracetamol_500mg,original_0825,0.30402,0.3958,0.60057,0.71967,0.48272,0.43092,original
paracetamol_500mg,substandard_0150,0.33796,0.47745,0.55743,0.70199,0.52091,0.43265,substandard
paracetamol_500mg,different_0931,0.29189,0.34015,0.70833,0.78965,0.58142,0.48274,different
paracetamol_500mg,different_0141,0.25016,0.3988,0.66922,0.7732,0.5502,0.51678,different
paracetamol_500mg,original_0733,0.31845,0.4552,0.63309,0.7273,0.48904,0.35965,original
paracetamol_500mg,substandard_0333,0.29841,0.40225,0.52569,0.66641,0.49373,0.42496,substandard
paracetamol_500mg,substandard_0471,0.37761,0.49945,0.52561,0.68607,0.54444,0.41777,substandard
paracetamol_500mg,original_0473,0.30065,0.38474,0.65935,0.76474,0.50751,0.45993,original
paracetamol_500mg,substandard_0402,0.34029,0.43437,0.58297,0.65645,0.51611,0.44454,substandard
paracetamol_500mg,different_0608,0.26368,0.38183,0.62463,0.7585,0.56627,0.50475,different
paracetamol_500mg,different_0422,0.2721,0.35438,0.61396,0.75345,0.54442,0.44226,different
paracetamol_500mg,substandard_0667,0.33403,0.49063,0.51991,0.65506,0.51538,0.38084,substandard
paracetamol_500mg,original_0330,0.32401,0.41333,0.61154,0.76021,0.47086,0.33879,original
paracetamol_500mg,substandard_0063,0.30688,0.45355,0.55662,0.67465,0.47331,0.40397,substandard
paracetamol_500mg,original_0107,0.32224,0.40558,0.64059,0.72037,0.46254,0.40024,original
paracetamol_500mg,different_0490,0.28551,0.35286,0.68944,0.72814,0.52644,0.46692,different
paracetamol_500mg,different_0598,0.24047,0.37245,0.63709,0.75109,0.57325,0.47037,different
paracetamol_500mg,different_0690,0.23576,0.35773,0.63977,0.74407,0.56812,0.44631,different
paracetamol_500mg,original_0218,0.29398,0.41497,0.61467,0.72528,0.50253,0.39088,original
paracetamol_500mg,different_0063,0.24807,0.31589,0.65275,0.74054,0.57928,0.41465,different
paracetamol_500mg,substandard_0721,0.35795,0.4823,0.56498,0.69081,0.50122,0.44762,substandard
paracetamol_500mg,different_0148,0.2783,0.3698,0.69407,0.73991,0.56305,0.48427,different
paracetamol_500mg,substandard_0776,0.33057,0.47871,0.60416,0.68555,0.53424,0.4139,substandard
paracetamol_500mg,original_0318,0.30121,0.43228,0.58561,0.72695,0.45455,0.41278,original
paracetamol_500mg,different_0214,0.24425,0.34079,0.70541,0.73694,0.55672,0.49419,different
paracetamol_500mg,different_0977,0.22244,0.39402,0.68355,0.74769,0.54916,0.43818,different
paracetamol_500mg,different_0210,0.26214,0.41437,0.66596,0.80218,0.57537,0.47948,different
paracetamol_500mg,substandard_0694,0.33046,0.45221,0.53961,0.68669,0.55834,0.41013,substandard
paracetamol_500mg,substandard_0955,0.33567,0.47693,0.55895,0.70027,0.56597,0.43912,substandard
paracetamol_500mg,original_0020,0.31084,0.37825,0.58194,0.72506,0.46445,0.29866,original
paracetamol_500mg,substandard_0087,0.34088,0.48337,0.55558,0.66658,0.54533,0.42529,substandard
paracetamol_500mg,different_0667,0.28155,0.35426,0.6189,0.77587,0.5414,0.44471,different
paracetamol_500mg,original_0019,0.2719,0.42212,0.56889,0.69434,0.42881,0.36691,original
paracetamol_500mg,different_0144,0.27865,0.34299,0.63323,0.75208,0.55045,0.45734,different
paracetamol_500mg,original_0059,0.29253,0.39906,0.61951,0.6735,0.4638,0.35968,original
paracetamol_500mg,different_0737,0.23296,0.35025,0.65142,0.74278,0.52885,0.45655,different
paracetamol_500mg,substandard_0600,0.33894,0.44164,0.5298,0.67015,0.53133,0.42744,substandard
paracetamol_500mg,original_0874,0.28434,0.43406,0.60076,0.69088,0.49099,0.40033,original
paracetamol_500mg,different_0053,0.2317,0.33502,0.64937,0.75165,0.55779,0.45889,different
paracetamol_500mg,different_0201,0.27358,0.40247,0.70084,0.77061,0.59312,0.4917,different
paracetamol_500mg,different_0749,0.28956,0.40544,0.68977,0.77411,0.62539,0.54879,different
paracetamol_500mg,original_0459,0.28446,0.35277,0.62979,0.72566,0.46299,0.34629,original
paracetamol_500mg,substandard_0546,0.28134,0.4514,0.53705,0.64961,0.51733,0.39992,substandard
paracetamol_500mg,original_0135,0.26756,0.38334,0.56027,0.70806,0.44222,0.32613,original
paracetamol_500mg,substandard_0015,0.34795,0.47435,0.55214,0.64083,0.53949,0.36543,substandard
paracetamol_500mg,different_0548,0.25493,0.37114,0.68604,0.71668,0.58697,0.48807,different
paracetamol_500mg,substandard_0785,0.30615,0.39747,0.56327,0.63104,0.52127,0.4232,substandard
paracetamol_500mg,substandard_0761,0.35147,0.45726,0.55062,0.71272,0.4995,0.39631,substandard
paracetamol_500mg,different_0992,0.27777,0.43416,0.67625,0.78285,0.5865,0.46059,different
paracetamol_500mg,original_0610,0.33528,0.41738,0.61533,0.69778,0.53535,0.39952,original
paracetamol_500mg,original_0480,0.32169,0.40233,0.59673,0.70981,0.45352,0.33002,original
paracetamol_500mg,substandard_0157,0.34108,0.43779,0.56749,0.68751,0.48912,0.40898,substandard
paracetamol_500mg,substandard_0770,0.31346,0.43032,0.52975,0.65232,0.51277,0.39615,substandard
paracetamol_500mg,substandard_0898,0.30626,0.47491,0.55427,0.66667,0.50514,0.42298,substandard
paracetamol_500mg,original_0052,0.23072,0.37028,0.58625,0.67297,0.47603,0.34694,original
paracetamol_500mg,different_0964,0.25617,0.37868,0.65272,0.76878,0.55136,0.45161,different
paracetamol_500mg,original_1000,0.33201,0.45118,0.60939,0.73732,0.51439,0.43047,original
paracetamol_500mg,original_0811,0.35655,0.41879,0.64256,0.74387,0.49697,0.37932,original
paracetamol_500mg,original_0451,0.30304,0.44174,0.59276,0.73804,0.52586,0.3418,original
paracetamol_500mg,different_0561,0.23214,0.37362,0.66266,0.74499,0.55327,0.44961,different
paracetamol_500mg,original_0324,0.28327,0.40406,0.60082,0.71018,0.42193,0.36425,original
paracetamol_500mg,original_0225,0.26502,0.42822,0.59394,0.72356,0.4753,0.39261,original
paracetamol_500mg,substandard_0551,0.35873,0.45291,0.53583,0.68899,0.54204,0.4257,substandard
paracetamol_500mg,different_0671,0.27245,0.36242,0.6921,0.73323,0.59511,0.46849,different
paracetamol_500mg,substandard_0060,0.33907,0.48575,0.60911,0.73066,0.53059,0.43482,substandard
paracetamol_500mg,substandard_0205,0.35093,0.48789,0.58031,0.69496,0.55137,0.478,substandard
paracetamol_500mg,substandard_0207,0.33696,0.46592,0.56397,0.70847,0.50061,0.40133,substandard
paracetamol_500mg,substandard_0626,0.32258,0.48726,0.56882,0.73265,0.54742,0.42533,substandard
paracetamol_500mg,substandard_0181,0.27995,0.44761,0.52924,0.69286,0.52816,0.40678,substandard
paracetamol_500mg,substandard_0810,0.35668,0.42251,0.60572,0.72367,0.51841,0.48251,substandard
paracetamol_500mg,different_0695,0.25503,0.38664,0.67226,0.75882,0.55824,0.48043,different
paracetamol_500mg,original_0197,0.29156,0.37621,0.60078,0.70898,0.4463,0.36679,original
paracetamol_500mg,substandard_0992,0.35548,0.46606,0.62792,0.69317,0.57957,0.43634,substandard
paracetamol_500mg,different_0156,0.24309,0.36699,0.6506,0.76374,0.5449,0.43797,different
paracetamol_500mg,original_0271,0.33959,0.45047,0.61854,0.75756,0.48728,0.43494,original
paracetamol_500mg,different_0681,0.25662,0.38934,0.65731,0.78462,0.56761,0.51163,different
paracetamol_500mg,different_0337,0.23488,0.3449,0.64106,0.74927,0.55807,0.50305,different
paracetamol_500mg,substandard_0739,0.30851,0.45601,0.59754,0.70766,0.49484,0.41863,substandard
paracetamol_500mg,substandard_0088,0.38216,0.45289,0.55503,0.68611,0.52595,0.44393,substandard
paracetamol_500mg,original_0113,0.3283,0.42236,0.6103,0.73117,0.4746,0.37501,original
paracetamol_500mg,original_0736,0.34348,0.43484,0.57056,0.7358,0.50673,0.38033,original
paracetamol_500mg,substandard_0953,0.35146,0.4829,0.59202,0.69374,0.54765,0.45662,substandard
paracetamol_500mg,substandard_0168,0.36012,0.47727,0.58036,0.66321,0.50045,0.38278,substandard
paracetamol_500mg,substandard_0899,0.39756,0.50253,0.57045,0.72129,0.53919,0.44812,substandard
paracetamol_500mg,different_0886,0.27916,0.38775,0.64562,0.76815,0.55135,0.48297,different
paracetamol_500mg,different_0968,0.23992,0.40511,0.63956,0.76786,0.57384,0.49535,different
paracetamol_500mg,substandard_0062,0.33105,0.44666,0.55411,0.67059,0.51701,0.42016,substandard
paracetamol_500mg,substandard_0919,0.34874,0.47114,0.59434,0.70179,0.52642,0.42862,substandard
paracetamol_500mg,substandard_0743,0.31705,0.47962,0.53615,0.663,0.56867,0.43176,substandard
paracetamol_500mg,substandard_0802,0.33621,0.44606,0.56032,0.70282,0.46782,0.40151,substandard
paracetamol_500mg,substandard_0778,0.30975,0.39508,0.53053,0.65864,0.48209,0.40765,substandard
paracetamol_500mg,original_0363,0.33984,0.42763,0.59141,0.75381,0.50819,0.42124,original
paracetamol_500mg,original_0359,0.28738,0.38948,0.60513,0.65322,0.46349,0.36975,original
paracetamol_500mg,different_0647,0.27158,0.36066,0.66029,0.74564,0.54249,0.51207,different
paracetamol_500mg,different_0654,0.24324,0.37929,0.61521,0.74351,0.51433,0.44433,different
paracetamol_500mg,different_0462,0.31422,0.36783,0.70188,0.8211,0.60884,0.47658,different
paracetamol_500mg,different_0576,0.23742,0.35014,0.66829,0.77516,0.58296,0.4327,different
paracetamol_500mg,substandard_0035,0.3954,0.45155,0.59058,0.6688,0.56072,0.44366,substandard
paracetamol_500mg,original_0942,0.32455,0.43457,0.58608,0.72063,0.45227,0.38223,original
paracetamol_500mg,different_0048,0.26361,0.39246,0.69069,0.77042,0.54063,0.49559,different
paracetamol_500mg,original_0008,0.26429,0.34441,0.59393,0.71087,0.454,0.3506,original
paracetamol_500mg,substandard_0585,0.34598,0.49446,0.62056,0.74353,0.51158,0.46517,substandard
paracetamol_500mg,original_0373,0.30789,0.41971,0.59248,0.72385,0.4778,0.37219,original
paracetamol_500mg,original_0064,0.31204,0.38331,0.59008,0.71761,0.46749,0.3363,original
paracetamol_500mg,different_0448,0.28529,0.33027,0.62803,0.7558,0.56332,0.45735,different
paracetamol_500mg,original_0723,0.32033,0.39949,0.64614,0.70853,0.47448,0.34581,original
paracetamol_500mg,different_0042,0.28151,0.35218,0.70531,0.80294,0.602,0.50029,different
paracetamol_500mg,original_0523,0.30979,0.42715,0.65534,0.76767,0.50301,0.40535,original
paracetamol_500mg,different_0753,0.29094,0.38856,0.66104,0.78449,0.59145,0.49503,different
paracetamol_500mg,substandard_0521,0.35666,0.47892,0.64213,0.70022,0.53724,0.446,substandard
paracetamol_500mg,substandard_0108,0.36586,0.4442,0.53515,0.6685,0.53144,0.43563,substandard
paracetamol_500mg,substandard_0151,0.35072,0.43842,0.56976,0.70103,0.48252,0.40148,substandard
paracetamol_500mg,different_0503,0.28235,0.35753,0.65282,0.80683,0.57775,0.47246,different
paracetamol_500mg,original_0710,0.26361,0.40683,0.61499,0.69387,0.4309,0.3693,original
paracetamol_500mg,original_0521,0.32976,0.43503,0.60488,0.73265,0.50929,0.37258,original
paracetamol_500mg,different_0311,0.25884,0.40266,0.69478,0.78211,0.62315,0.49388,different
paracetamol_500mg,different_0116,0.28429,0.35899,0.6873,0.78666,0.61755,0.43521,different
paracetamol_500mg,different_0057,0.24897,0.35715,0.71086,0.76898,0.60857,0.50594,different
paracetamol_500mg,original_0263,0.31729,0.41049,0.59483,0.76252,0.44237,0.38666,original
paracetamol_500mg,original_0882,0.2875,0.41875,0.58378,0.69694,0.46784,0.35659,original
paracetamol_500mg,different_0496,0.29253,0.40357,0.70334,0.83665,0.63668,0.52557,different
paracetamol_500mg,substandard_0324,0.30932,0.44933,0.62663,0.65956,0.52711,0.44511,substandard
paracetamol_500mg,different_0815,0.2596,0.35377,0.64116,0.79407,0.53552,0.45499,different
paracetamol_500mg,substandard_0594,0.33876,0.48073,0.57158,0.69734,0.51737,0.44006,substandard
paracetamol_500mg,different_0352,0.26199,0.31903,0.69744,0.7222,0.56428,0.47087,different
paracetamol_500mg,original_0073,0.31197,0.432,0.63461,0.74714,0.46404,0.3786,original
paracetamol_500mg,substandard_0633,0.35104,0.46963,0.54636,0.68537,0.50473,0.40631,substandard
paracetamol_500mg,different_0776,0.26537,0.3992,0.71043,0.77462,0.62806,0.50653,different
paracetamol_500mg,substandard_0039,0.39105,0.43378,0.59542,0.74062,0.55669,0.49783,substandard
paracetamol_500mg,original_0984,0.32168,0.44149,0.65757,0.76584,0.45025,0.37147,original
paracetamol_500mg,substandard_0607,0.3602,0.44126,0.56934,0.69206,0.49049,0.39095,substandard
paracetamol_500mg,original_0820,0.3237,0.47597,0.62411,0.74172,0.48393,0.39285,original
paracetamol_500mg,original_0847,0.33006,0.43253,0.59958,0.75796,0.48871,0.37035,original
paracetamol_500mg,substandard_0675,0.33024,0.48676,0.57781,0.72677,0.51129,0.4172,substandard
paracetamol_500mg,substandard_0223,0.35268,0.48564,0.56237,0.69881,0.46052,0.46964,substandard
paracetamol_500mg,original_0660,0.34213,0.44768,0.65031,0.73044,0.54609,0.40379,original
paracetamol_500mg,original_0327,0.29592,0.4373,0.57118,0.72015,0.44601,0.40201,original
paracetamol_500mg,substandard_0231,0.35403,0.43335,0.54806,0.70209,0.49131,0.45247,substandard
paracetamol_500mg,substandard_0985,0.35675,0.47556,0.59596,0.67153,0.52761,0.42919,substandard
paracetamol_500mg,different_0322,0.30033,0.37891,0.70389,0.76393,0.60297,0.50343,different
paracetamol_500mg,substandard_0406,0.33214,0.47014,0.59817,0.6877,0.53509,0.43159,substandard
paracetamol_500mg,original_0375,0.28977,0.41936,0.62127,0.70922,0.4755,0.38371,original
paracetamol_500mg,different_0876,0.2682,0.3751,0.67155,0.78217,0.56083,0.47128,different
paracetamol_500mg,substandard_0571,0.38872,0.47126,0.56116,0.67187,0.54222,0.43836,substandard
paracetamol_500mg,original_0490,0.31174,0.40898,0.63533,0.73344,0.44177,0.39575,original
paracetamol_500mg,different_0511,0.28402,0.35967,0.66662,0.73739,0.54054,0.4894,different
paracetamol_500mg,original_0195,0.26928,0.40068,0.56375,0.70194,0.48777,0.40467,original
paracetamol_500mg,original_0152,0.25359,0.41173,0.56681,0.70455,0.45721,0.40654,original
paracetamol_500mg,substandard_0940,0.36639,0.4285,0.57243,0.62315,0.52692,0.43095,substandard
paracetamol_500mg,different_0091,0.29183,0.32683,0.63719,0.76202,0.52712,0.47117,different
paracetamol_500mg,original_0137,0.30345,0.40126,0.56376,0.7265,0.50673,0.3837,original
paracetamol_500mg,original_0997,0.30183,0.4398,0.62934,0.70873,0.47321,0.36377,original
paracetamol_500mg,different_0049,0.31822,0.35486,0.66187,0.74503,0.59518,0.48668,different
paracetamol_500mg,substandard_0476,0.31817,0.43292,0.59931,0.72988,0.59813,0.4661,substandard
paracetamol_500mg,substandard_0821,0.39427,0.44378,0.55192,0.7489,0.52658,0.43974,substandard
paracetamol_500mg,different_0358,0.27023,0.3465,0.65671,0.79636,0.57601,0.47023,different
paracetamol_500mg,different_0494,0.26298,0.37469,0.66834,0.81519,0.59024,0.46356,different
paracetamol_500mg,substandard_0860,0.32294,0.45836,0.58143,0.66256,0.48095,0.38138,substandard
paracetamol_500mg,different_0441,0.29319,0.41529,0.67518,0.7616,0.60409,0.49125,different
paracetamol_500mg,different_0577,0.26483,0.34135,0.65111,0.73377,0.53566,0.44554,different
paracetamol_500mg,substandard_0584,0.29391,0.45712,0.53567,0.66041,0.50506,0.41237,substandard
paracetamol_500mg,different_0806,0.26643,0.36481,0.68695,0.75456,0.58073,0.4687,different
paracetamol_500mg,substandard_0407,0.33723,0.42592,0.55522,0.64238,0.53088,0.38653,substandard
paracetamol_500mg,different_0726,0.26264,0.36702,0.66158,0.73379,0.613,0.45753,different
paracetamol_500mg,different_0391,0.27463,0.32356,0.66913,0.78522,0.58622,0.46875,different
paracetamol_500mg,different_0505,0.28218,0.34787,0.6526,0.7346,0.53617,0.4952,different
paracetamol_500mg,different_0089,0.30494,0.38112,0.65849,0.78024,0.54457,0.47786,different
paracetamol_500mg,original_0897,0.2685,0.42259,0.61537,0.69913,0.48844,0.33934,original
paracetamol_500mg,different_0465,0.25026,0.3943,0.65865,0.71422,0.50222,0.45778,different
paracetamol_500mg,different_0509,0.29907,0.36435,0.6333,0.75594,0.5507,0.49679,different
paracetamol_500mg,original_0043,0.33525,0.42363,0.63625,0.73777,0.49172,0.39992,original
paracetamol_500mg,different_0976,0.29699,0.38347,0.70352,0.75773,0.56501,0.46451,different
paracetamol_500mg,original_0682,0.30104,0.37869,0.56843,0.714,0.49839,0.36191,original
paracetamol_500mg,original_0790,0.30416,0.39398,0.60439,0.71334,0.50593,0.3654,original
paracetamol_500mg,original_0818,0.26277,0.36756,0.56177,0.73143,0.46985,0.34998,original
paracetamol_500mg,different_0364,0.26797,0.33888,0.60926,0.74414,0.60577,0.48033,different
paracetamol_500mg,different_0923,0.23652,0.37689,0.65697,0.75533,0.55506,0.50382,different
paracetamol_500mg,original_0311,0.2932,0.40032,0.6398,0.71801,0.47539,0.38056,original
paracetamol_500mg,different_0963,0.29707,0.36802,0.65315,0.78685,0.61588,0.4853,different
paracetamol_500mg,different_0157,0.22267,0.34574,0.67646,0.7977,0.57078,0.44973,different
paracetamol_500mg,original_0544,0.31624,0.42122,0.6198,0.75542,0.4939,0.40037,original
paracetamol_500mg,original_0905,0.29043,0.4233,0.57522,0.70664,0.46366,0.39636,original
paracetamol_500mg,different_0720,0.25833,0.32337,0.63701,0.71088,0.51863,0.43146,different
paracetamol_500mg,original_0918,0.29368,0.43449,0.57354,0.72938,0.44816,0.38696,original
paracetamol_500mg,different_0464,0.23543,0.31507,0.65447,0.71466,0.55938,0.47484,different
paracetamol_500mg,substandard_0204,0.34076,0.46114,0.59818,0.66981,0.53165,0.43445,substandard
paracetamol_500mg,original_0643,0.30939,0.46002,0.63988,0.76024,0.5038,0.40773,original
paracetamol_500mg,original_0556,0.3278,0.4311,0.64733,0.77343,0.48342,0.43058,original
paracetamol_500mg,original_0351,0.26688,0.38826,0.58886,0.69994,0.43514,0.37512,original
paracetamol_500mg,original_0921,0.30273,0.4035,0.57936,0.76061,0.48057,0.37257,original
paracetamol_500mg,original_0780,0.33117,0.41533,0.57058,0.70317,0.47999,0.41126,original
paracetamol_500mg,different_0253,0.22492,0.34775,0.65789,0.77195,0.55815,0.48336,different
paracetamol_500mg,different_0765,0.26363,0.36977,0.67633,0.78581,0.5962,0.45789,different
paracetamol_500mg,substandard_0878,0.34117,0.44166,0.57442,0.67208,0.48184,0.43581,substandard
paracetamol_500mg,different_0064,0.27593,0.35933,0.68351,0.77291,0.55608,0.48771,different
paracetamol_500mg,original_0163,0.30411,0.44003,0.62739,0.71618,0.50107,0.39033,original
paracetamol_500mg,original_0684,0.31696,0.43338,0.57898,0.7009,0.50004,0.39077,original
paracetamol_500mg,substandard_0221,0.31059,0.46107,0.57897,0.65898,0.51154,0.4064,substandard
paracetamol_500mg,original_0338,0.27916,0.3746,0.60766,0.70754,0.45106,0.3385,original
paracetamol_500mg,different_0411,0.26228,0.40324,0.68181,0.79697,0.62658,0.50939,different
paracetamol_500mg,original_0680,0.32143,0.44569,0.60876,0.68673,0.44011,0.44429,original
paracetamol_500mg,different_0023,0.23596,0.34814,0.66849,0.78521,0.55353,0.47925,different
paracetamol_500mg,original_0552,0.32992,0.3915,0.56749,0.71999,0.46115,0.37789,original
paracetamol_500mg,different_0284,0.26401,0.33223,0.66197,0.77191,0.60006,0.48089,different
paracetamol_500mg,substandard_0827,0.32493,0.43747,0.54779,0.64356,0.47545,0.41626,substandard
paracetamol_500mg,original_0969,0.33584,0.4365,0.5677,0.72371,0.46825,0.40193,original
paracetamol_500mg,substandard_0459,0.34951,0.47294,0.56739,0.67992,0.49168,0.42192,substandard
paracetamol_500mg,substandard_0527,0.40565,0.5038,0.57791,0.69376,0.53031,0.43219,substandard
paracetamol_500mg,original_0232,0.3329,0.42231,0.62279,0.74067,0.44249,0.40755,original
paracetamol_500mg,substandard_0212,0.40124,0.45869,0.57525,0.65832,0.53301,0.44096,substandard
paracetamol_500mg,original_0527,0.27808,0.4195,0.54577,0.70211,0.47551,0.37882,original
paracetamol_500mg,original_0935,0.32122,0.43708,0.63541,0.74356,0.49476,0.37365,original
paracetamol_500mg,different_0401,0.28306,0.35313,0.67266,0.77344,0.58363,0.49869,different
paracetamol_500mg,substandard_0523,0.31272,0.45179,0.55379,0.63762,0.51325,0.42815,substandard
paracetamol_500mg,original_0681,0.29186,0.42278,0.6159,0.71556,0.48584,0.37963,original
paracetamol_500mg,original_0749,0.33088,0.46073,0.64789,0.78013,0.51761,0.44825,original
paracetamol_500mg,original_0612,0.33453,0.45842,0.6259,0.73915,0.50097,0.3958,original
paracetamol_500mg,substandard_0734,0.35572,0.46402,0.58849,0.66824,0.52622,0.42188,substandard
paracetamol_500mg,different_0711,0.27898,0.35461,0.66638,0.76377,0.6105,0.45695,different
paracetamol_500mg,original_0366,0.30649,0.40753,0.60331,0.73453,0.47907,0.37652,original
paracetamol_500mg,different_0324,0.25314,0.35862,0.70682,0.76288,0.52002,0.47236,different
paracetamol_500mg,different_0469,0.24265,0.36113,0.70143,0.75322,0.55641,0.42886,different
paracetamol_500mg,substandard_0300,0.33053,0.45764,0.57273,0.71198,0.54122,0.41888,substandard
paracetamol_500mg,different_0768,0.30815,0.36361,0.68111,0.79369,0.57274,0.47771,different
paracetamol_500mg,substandard_0208,0.35898,0.50364,0.59087,0.72847,0.55095,0.40626,substandard
paracetamol_500mg,substandard_0349,0.32409,0.41485,0.5736,0.67628,0.48271,0.40326,substandard
paracetamol_500mg,original_0807,0.27789,0.40272,0.60618,0.74051,0.46253,0.37701,original
paracetamol_500mg,original_0783,0.27811,0.42563,0.58946,0.70001,0.45159,0.36355,original
paracetamol_500mg,different_0162,0.25198,0.38924,0.64767,0.77323,0.48006,0.4734,different
paracetamol_500mg,substandard_0854,0.35492,0.4412,0.57822,0.6902,0.51102,0.4841,substandard
paracetamol_500mg,original_0050,0.30855,0.42323,0.61705,0.7466,0.52861,0.40145,original
paracetamol_500mg,different_0622,0.23165,0.3604,0.67081,0.72743,0.57165,0.47813,different
paracetamol_500mg,original_0592,0.31174,0.41498,0.58815,0.72954,0.44433,0.41636,original
paracetamol_500mg,substandard_0046,0.32756,0.50099,0.53077,0.72263,0.57187,0.38496,substandard
paracetamol_500mg,different_0304,0.27193,0.34333,0.68989,0.79165,0.5395,0.50781,different
paracetamol_500mg,original_0309,0.32462,0.4226,0.65188,0.77279,0.54049,0.39486,original
paracetamol_500mg,substandard_0560,0.32924,0.44043,0.54799,0.65368,0.51971,0.40361,substandard
paracetamol_500mg,different_0817,0.26354,0.39673,0.68053,0.78927,0.56871,0.50366,different
paracetamol_500mg,different_0098,0.26192,0.33695,0.65306,0.7844,0.59373,0.4701,different
paracetamol_500mg,original_0750,0.32688,0.44836,0.62225,0.7108,0.5165,0.36574,original
paracetamol_500mg,substandard_0452,0.31514,0.37186,0.53025,0.67609,0.4872,0.40329,substandard
paracetamol_500mg,original_0509,0.32255,0.39992,0.60427,0.73807,0.45533,0.427,original
paracetamol_500mg,substandard_0750,0.32109,0.47821,0.51165,0.69578,0.51921,0.42499,substandard
paracetamol_500mg,substandard_0400,0.34499,0.44119,0.59515,0.69769,0.50645,0.4493,substandard
paracetamol_500mg,different_0735,0.28731,0.38648,0.67229,0.79032,0.56114,0.4707,different
paracetamol_500mg,different_0630,0.31891,0.4025,0.67355,0.82882,0.53514,0.52207,different
paracetamol_500mg,different_0612,0.26986,0.35695,0.65659,0.76674,0.5875,0.48821,different
paracetamol_500mg,different_0482,0.27796,0.35965,0.63788,0.75336,0.53193,0.46601,different
paracetamol_500mg,substandard_0791,0.34381,0.43565,0.5251,0.67655,0.47922,0.39514,substandard
paracetamol_500mg,substandard_0029,0.32418,0.439,0.60166,0.66861,0.48166,0.44724,substandard
paracetamol_500mg,original_0143,0.2775,0.44515,0.62647,0.72368,0.49544,0.40601,original
paracetamol_500mg,substandard_0339,0.34438,0.48795,0.6022,0.72438,0.53706,0.40595,substandard
paracetamol_500mg,original_0500,0.30792,0.46142,0.63519,0.77277,0.55604,0.42334,original
paracetamol_500mg,different_0572,0.28821,0.37905,0.70736,0.82439,0.58863,0.46399,different
paracetamol_500mg,different_0001,0.23693,0.35561,0.69728,0.7887,0.5567,0.51199,different
paracetamol_500mg,different_0901,0.28135,0.34596,0.70961,0.78987,0.58757,0.4971,different
paracetamol_500mg,substandard_0857,0.27375,0.45807,0.51575,0.66066,0.463,0.37183,substandard
paracetamol_500mg,original_0329,0.2859,0.36089,0.58044,0.74724,0.43085,0.40487,original
paracetamol_500mg,different_0126,0.24327,0.33693,0.60518,0.75545,0.5577,0.47974,different
paracetamol_500mg,substandard_0020,0.38144,0.45562,0.57267,0.68653,0.53493,0.42086,substandard
paracetamol_500mg,substandard_0997,0.35888,0.47268,0.60537,0.71104,0.54088,0.45371,substandard
paracetamol_500mg,different_0694,0.28073,0.39195,0.61857,0.77366,0.57649,0.45455,different
paracetamol_500mg,different_0426,0.29586,0.40115,0.67202,0.7696,0.57333,0.49048,different
paracetamol_500mg,different_0669,0.24002,0.36896,0.65475,0.76992,0.53503,0.46463,different
paracetamol_500mg,different_0645,0.25435,0.4081,0.67864,0.72172,0.53431,0.47199,different
paracetamol_500mg,original_0565,0.33172,0.39317,0.59068,0.75655,0.46752,0.41011,original
paracetamol_500mg,original_0815,0.27592,0.40147,0.58668,0.69252,0.47427,0.38666,original
paracetamol_500mg,original_0929,0.35328,0.45764,0.66205,0.73855,0.50596,0.36541,original
paracetamol_500mg,different_0554,0.26826,0.35076,0.67396,0.76401,0.57425,0.44206,different
paracetamol_500mg,substandard_0599,0.34225,0.46602,0.55451,0.69054,0.57757,0.46944,substandard
paracetamol_500mg,substandard_0712,0.3991,0.45055,0.57749,0.67216,0.53142,0.46298,substandard
paracetamol_500mg,different_0455,0.27873,0.43663,0.70092,0.82228,0.5887,0.52398,different
paracetamol_500mg,substandard_0630,0.32549,0.45521,0.55459,0.71823,0.51873,0.42822,substandard
paracetamol_500mg,substandard_0140,0.37178,0.48861,0.58246,0.67672,0.5155,0.43921,substandard
paracetamol_500mg,original_0690,0.29113,0.37549,0.62597,0.68536,0.44572,0.3761,original
paracetamol_500mg,substandard_0416,0.31711,0.48052,0.56035,0.70045,0.50798,0.45045,substandard
paracetamol_500mg,original_0201,0.30914,0.45936,0.60928,0.71566,0.52629,0.38972,original
paracetamol_500mg,different_0199,0.3072,0.36437,0.70763,0.76892,0.57,0.52808,different
paracetamol_500mg,original_0276,0.31415,0.39075,0.55698,0.66694,0.44995,0.36583,original
paracetamol_500mg,original_0777,0.27693,0.40231,0.59589,0.75697,0.49469,0.38758,original
paracetamol_500mg,substandard_0865,0.34075,0.47601,0.56017,0.69658,0.52281,0.40057,substandard
paracetamol_500mg,original_0725,0.29039,0.45377,0.60506,0.69868,0.46265,0.37581,original
paracetamol_500mg,substandard_0950,0.31469,0.43429,0.53565,0.67517,0.54671,0.41632,substandard
paracetamol_500mg,substandard_0702,0.32496,0.50454,0.55642,0.70852,0.51549,0.4366,substandard
paracetamol_500mg,original_0495,0.34725,0.44034,0.59484,0.73631,0.48787,0.46879,original
paracetamol_500mg,different_0894,0.28718,0.36745,0.70022,0.79519,0.57039,0.47052,different
paracetamol_500mg,different_0070,0.23748,0.35053,0.67168,0.73792,0.56966,0.4932,different
paracetamol_500mg,different_0109,0.2815,0.35203,0.64194,0.74444,0.56573,0.44809,different
paracetamol_500mg,original_0890,0.33132,0.45197,0.5675,0.7038,0.49678,0.3713,original
paracetamol_500mg,substandard_0417,0.33896,0.4334,0.57347,0.67543,0.54414,0.41663,substandard
paracetamol_500mg,substandard_0780,0.35837,0.47753,0.57417,0.68529,0.52623,0.4496,substandard
paracetamol_500mg,different_0581,0.3188,0.38909,0.68738,0.79355,0.56504,0.50248,different
paracetamol_500mg,original_0842,0.33142,0.44119,0.64918,0.7304,0.50058,0.38451,original
paracetamol_500mg,original_0093,0.28125,0.41496,0.63132,0.68616,0.44691,0.38068,original
paracetamol_500mg,original_0180,0.28217,0.39477,0.58433,0.70275,0.49883,0.40882,original
paracetamol_500mg,different_0532,0.23906,0.39082,0.68336,0.76994,0.58847,0.49412,different
paracetamol_500mg,different_0837,0.24184,0.36066,0.67125,0.73551,0.51463,0.43928,different
paracetamol_500mg,substandard_0093,0.37369,0.4778,0.6056,0.69706,0.58286,0.42033,substandard
paracetamol_500mg,substandard_0456,0.32668,0.45164,0.53809,0.65113,0.4758,0.42056,substandard
paracetamol_500mg,original_0776,0.31294,0.4298,0.57812,0.7257,0.48777,0.39613,original
paracetamol_500mg,substandard_0557,0.34504,0.50731,0.60338,0.70208,0.53971,0.47234,substandard
paracetamol_500mg,different_0252,0.26988,0.36198,0.63121,0.81951,0.56863,0.49012,different
paracetamol_500mg,original_0515,0.29653,0.4197,0.61067,0.71247,0.47474,0.40423,original
paracetamol_500mg,substandard_0126,0.29755,0.46935,0.53516,0.70166,0.49788,0.41976,substandard
paracetamol_500mg,substandard_0987,0.34893,0.4072,0.58457,0.64984,0.4825,0.40785,substandard
paracetamol_500mg,original_0888,0.28171,0.42278,0.57374,0.70673,0.43899,0.36927,original
paracetamol_500mg,different_0218,0.28543,0.37092,0.67557,0.78812,0.58171,0.45939,different
paracetamol_500mg,different_0396,0.29243,0.38593,0.68553,0.76587,0.59837,0.51734,different
paracetamol_500mg,substandard_0222,0.32431,0.47346,0.58025,0.70248,0.53333,0.47127,substandard
paracetamol_500mg,different_0293,0.26457,0.42115,0.69225,0.72871,0.52525,0.50278,different
paracetamol_500mg,original_0277,0.31561,0.42093,0.60403,0.73341,0.45624,0.37159,original
paracetamol_500mg,different_0899,0.26846,0.3464,0.66355,0.75212,0.59959,0.47869,different
paracetamol_500mg,original_0763,0.37853,0.42694,0.63321,0.73312,0.53552,0.45098,original
paracetamol_500mg,substandard_0165,0.37359,0.48984,0.59342,0.7253,0.56584,0.41995,substandard
paracetamol_500mg,different_0680,0.27628,0.35075,0.68554,0.79226,0.62221,0.49434,different
paracetamol_500mg,different_0125,0.26526,0.32826,0.68158,0.72877,0.56155,0.49133,different
paracetamol_500mg,substandard_0028,0.38561,0.46059,0.56949,0.74166,0.54438,0.43545,substandard
paracetamol_500mg,substandard_0058,0.33153,0.44912,0.58663,0.68372,0.51212,0.37782,substandard
paracetamol_500mg,different_0800,0.27145,0.34653,0.69694,0.79908,0.57071,0.43211,different
paracetamol_500mg,different_0666,0.27807,0.36813,0.69401,0.78816,0.58943,0.48168,different
paracetamol_500mg,different_0329,0.29807,0.39876,0.68074,0.77883,0.558,0.49946,different
paracetamol_500mg,original_0003,0.31463,0.42895,0.61768,0.7051,0.43974,0.36253,original
paracetamol_500mg,substandard_0334,0.40126,0.51093,0.54729,0.6825,0.51936,0.45875,substandard
paracetamol_500mg,substandard_0239,0.32066,0.41948,0.54428,0.72947,0.52881,0.38923,substandard
paracetamol_500mg,different_0112,0.27543,0.38369,0.66479,0.74209,0.54282,0.49472,different
paracetamol_500mg,original_0028,0.29379,0.41926,0.60462,0.71979,0.48041,0.36456,original
paracetamol_500mg,substandard_0591,0.37158,0.46291,0.57662,0.71681,0.56173,0.45092,substandard
paracetamol_500mg,different_0427,0.26927,0.38622,0.67001,0.74112,0.5853,0.46058,different
paracetamol_500mg,substandard_0986,0.30063,0.46724,0.5321,0.68264,0.50229,0.40953,substandard
paracetamol_500mg,different_0727,0.24748,0.37147,0.6613,0.81567,0.57641,0.46242,different
paracetamol_500mg,original_0947,0.32581,0.42699,0.57846,0.72176,0.5234,0.38499,original
paracetamol_500mg,original_0328,0.31125,0.39747,0.60092,0.75538,0.52495,0.37415,original
paracetamol_500mg,original_0439,0.25821,0.36571,0.60604,0.69548,0.45354,0.35158,original
paracetamol_500mg,different_0004,0.32378,0.3822,0.67078,0.81657,0.60986,0.51069,different
paracetamol_500mg,substandard_0431,0.33405,0.45184,0.5744,0.65168,0.49502,0.40421,substandard
paracetamol_500mg,substandard_0552,0.34331,0.47952,0.60668,0.69666,0.56813,0.48169,substandard
paracetamol_500mg,different_0871,0.27697,0.36601,0.66317,0.75167,0.57475,0.47822,different
paracetamol_500mg,substandard_0535,0.3403,0.46942,0.57336,0.71641,0.51697,0.40316,substandard
paracetamol_500mg,different_0889,0.2766,0.40445,0.70151,0.78219,0.53551,0.51148,different
paracetamol_500mg,substandard_0960,0.3461,0.48585,0.61807,0.72287,0.49902,0.43518,substandard
paracetamol_500mg,substandard_0871,0.3219,0.45384,0.58038,0.70259,0.51749,0.42757,substandard
paracetamol_500mg,substandard_0586,0.34819,0.48603,0.61592,0.66749,0.50711,0.47393,substandard
paracetamol_500mg,original_0139,0.28047,0.4265,0.63435,0.74155,0.50889,0.46217,original
paracetamol_500mg,different_0067,0.27037,0.36299,0.67518,0.76764,0.58134,0.46691,different
paracetamol_500mg,different_0389,0.2395,0.37078,0.66645,0.75543,0.54437,0.44792,different
paracetamol_500mg,original_0462,0.30301,0.38624,0.5771,0.72811,0.49401,0.40182,original
paracetamol_500mg,substandard_0542,0.33764,0.457,0.53271,0.6889,0.49853,0.39943,substandard
paracetamol_500mg,original_0656,0.25221,0.35363,0.54932,0.69122,0.44716,0.39029,original
paracetamol_500mg,different_0034,0.35053,0.40618,0.70785,0.76819,0.5615,0.51596,different
paracetamol_500mg,different_0354,0.25581,0.33237,0.68016,0.79822,0.54449,0.46979,different
paracetamol_500mg,original_0940,0.34802,0.44006,0.61779,0.72528,0.5184,0.41743,original
paracetamol_500mg,original_0089,0.34103,0.41556,0.6143,0.69887,0.47391,0.4212,original
paracetamol_500mg,different_0998,0.29283,0.38367,0.67443,0.77092,0.57886,0.46651,different
paracetamol_500mg,original_0614,0.30529,0.43456,0.58713,0.70337,0.45611,0.40509,original
paracetamol_500mg,original_0183,0.29265,0.39538,0.61406,0.73322,0.48955,0.39062,original
paracetamol_500mg,different_0299,0.25842,0.35411,0.65473,0.81413,0.58337,0.49434,different
paracetamol_500mg,different_0204,0.2608,0.37668,0.67577,0.76883,0.57513,0.4494,different
paracetamol_500mg,substandard_0494,0.33749,0.46062,0.576,0.64219,0.5478,0.4466,substandard
paracetamol_500mg,substandard_0065,0.34757,0.48548,0.54672,0.70419,0.52896,0.41252,substandard
paracetamol_500mg,different_0459,0.25983,0.3598,0.66486,0.73947,0.55655,0.50774,different
paracetamol_500mg,substandard_0837,0.30456,0.44519,0.56926,0.63442,0.49566,0.39931,substandard
paracetamol_500mg,original_0279,0.3262,0.43076,0.623,0.69639,0.44729,0.38463,original
paracetamol_500mg,different_0402,0.26634,0.35465,0.59351,0.71713,0.54087,0.46658,different
paracetamol_500mg,substandard_0278,0.38026,0.45058,0.56136,0.68074,0.49117,0.42068,substandard
paracetamol_500mg,substandard_0980,0.35246,0.43007,0.58779,0.65437,0.5468,0.46981,substandard
paracetamol_500mg,substandard_0543,0.29387,0.41433,0.47977,0.6515,0.49414,0.37117,substandard
paracetamol_500mg,substandard_0433,0.34363,0.48368,0.59197,0.69015,0.54607,0.42716,substandard
paracetamol_500mg,substandard_0755,0.35795,0.41892,0.58363,0.71542,0.59113,0.51396,substandard
paracetamol_500mg,original_0427,0.30607,0.40066,0.60597,0.72026,0.47837,0.38854,original
paracetamol_500mg,substandard_0470,0.36892,0.47073,0.57548,0.73045,0.56514,0.49565,substandard
paracetamol_500mg,substandard_0032,0.33025,0.44538,0.55432,0.68054,0.47973,0.42069,substandard
paracetamol_500mg,original_0545,0.29441,0.42911,0.66251,0.72256,0.49963,0.39312,original
paracetamol_500mg,different_0005,0.28675,0.33222,0.69153,0.7392,0.55638,0.474,different
paracetamol_500mg,different_0816,0.24339,0.3475,0.66202,0.77419,0.59045,0.43741,different
paracetamol_500mg,different_0522,0.23754,0.35412,0.65999,0.74291,0.55015,0.48446,different
paracetamol_500mg,original_0354,0.3217,0.39706,0.60052,0.71061,0.47256,0.35739,original
paracetamol_500mg,substandard_0320,0.3707,0.44905,0.61996,0.68041,0.55504,0.38062,substandard
paracetamol_500mg,original_0224,0.30329,0.45884,0.59949,0.71139,0.45382,0.39367,original
paracetamol_500mg,substandard_0234,0.30901,0.40246,0.55658,0.65288,0.48629,0.44801,substandard
paracetamol_500mg,substandard_0852,0.34768,0.45352,0.5969,0.72318,0.56152,0.42464,substandard
paracetamol_500mg,original_0270,0.31221,0.43549,0.59852,0.74799,0.44533,0.39898,original
paracetamol_500mg,original_0804,0.30185,0.43405,0.57478,0.75263,0.47697,0.38952,original
paracetamol_500mg,substandard_0538,0.35808,0.51075,0.61961,0.70832,0.56781,0.45767,substandard
paracetamol_500mg,substandard_0732,0.34772,0.44933,0.52156,0.64988,0.51062,0.42254,substandard
paracetamol_500mg,substandard_0499,0.30575,0.4691,0.5651,0.67145,0.48427,0.43031,substandard
paracetamol_500mg,original_0877,0.28606,0.42761,0.60909,0.71417,0.51051,0.40485,original
paracetamol_500mg,different_0573,0.24369,0.35257,0.67946,0.78565,0.55184,0.47093,different
paracetamol_500mg,different_0275,0.25285,0.39811,0.66062,0.77443,0.56972,0.49599,different
paracetamol_500mg,substandard_0716,0.34622,0.46227,0.58076,0.68931,0.61067,0.439,substandard
paracetamol_500mg,substandard_0484,0.32106,0.41164,0.56219,0.68203,0.53016,0.39751,substandard
paracetamol_500mg,original_0079,0.34492,0.44939,0.66148,0.75872,0.54089,0.3468,original
paracetamol_500mg,original_0635,0.27513,0.42014,0.59454,0.73095,0.4601,0.39448,original
paracetamol_500mg,substandard_0049,0.34998,0.47268,0.64318,0.72871,0.54449,0.41432,substandard
paracetamol_500mg,substandard_0030,0.35725,0.46662,0.60692,0.71078,0.57721,0.43375,substandard
paracetamol_500mg,substandard_0047,0.32096,0.47625,0.57245,0.64458,0.50086,0.41725,substandard
paracetamol_500mg,substandard_0192,0.33231,0.49892,0.55596,0.73155,0.53581,0.44621,substandard
paracetamol_500mg,original_0337,0.31442,0.37364,0.59921,0.70306,0.50081,0.38559,original
paracetamol_500mg,original_0907,0.33629,0.48815,0.60622,0.75091,0.53526,0.41861,original
paracetamol_500mg,substandard_0656,0.34054,0.46508,0.61112,0.64918,0.52169,0.37925,substandard
paracetamol_500mg,different_0429,0.24263,0.37449,0.66256,0.78965,0.58658,0.4581,different
paracetamol_500mg,different_0250,0.27447,0.36853,0.65157,0.77756,0.55906,0.51215,different
paracetamol_500mg,original_0915,0.31412,0.40628,0.6146,0.72896,0.48283,0.36517,original
paracetamol_500mg,substandard_0120,0.33386,0.43598,0.52411,0.69043,0.47453,0.43699,substandard
paracetamol_500mg,original_0051,0.32669,0.44898,0.60293,0.72752,0.49132,0.36589,original
paracetamol_500mg,different_0772,0.30232,0.38248,0.66248,0.76983,0.58511,0.47442,different
paracetamol_500mg,different_0127,0.29185,0.35008,0.66609,0.79419,0.58534,0.47593,different
paracetamol_500mg,original_0826,0.29583,0.37395,0.6424,0.70653,0.45934,0.37606,original
paracetamol_500mg,different_0911,0.28736,0.34554,0.72692,0.77066,0.5639,0.4773,different
paracetamol_500mg,original_0220,0.32134,0.41558,0.60518,0.72621,0.45566,0.37124,original
paracetamol_500mg,substandard_0866,0.34096,0.46091,0.55311,0.696,0.56624,0.42518,substandard
paracetamol_500mg,original_0367,0.25954,0.36659,0.58516,0.72629,0.46512,0.34142,original
paracetamol_500mg,different_0825,0.248,0.3609,0.67573,0.75419,0.56716,0.48568,different
paracetamol_500mg,substandard_0085,0.35758,0.44598,0.57031,0.67997,0.4899,0.45893,substandard
paracetamol_500mg,substandard_0209,0.30082,0.4373,0.55497,0.66227,0.51139,0.43949,substandard
paracetamol_500mg,substandard_0698,0.34917,0.44902,0.5915,0.69494,0.51629,0.43033,substandard
paracetamol_500mg,original_0250,0.32553,0.45155,0.60218,0.74952,0.52185,0.42952,original
paracetamol_500mg,different_0873,0.28955,0.33991,0.67902,0.76072,0.51308,0.50185,different
paracetamol_500mg,substandard_0787,0.34824,0.44457,0.57367,0.6873,0.49901,0.4333,substandard
paracetamol_500mg,original_0608,0.32887,0.401,0.60625,0.73368,0.5148,0.41423,original
paracetamol_500mg,original_0478,0.33449,0.43706,0.66906,0.75287,0.51176,0.41973,original
paracetamol_500mg,substandard_0972,0.3037,0.49042,0.58304,0.69205,0.54009,0.4578,substandard
paracetamol_500mg,different_0632,0.27063,0.36005,0.6971,0.81596,0.58679,0.48468,different
paracetamol_500mg,original_0567,0.28919,0.37349,0.54294,0.71427,0.4461,0.36641,original
paracetamol_500mg,original_0142,0.30282,0.4588,0.64583,0.7954,0.50161,0.4228,original
paracetamol_500mg,different_0436,0.25178,0.3774,0.63488,0.7747,0.53755,0.50174,different
paracetamol_500mg,different_0255,0.31967,0.3986,0.75475,0.80539,0.59676,0.48942,different
paracetamol_500mg,different_0580,0.25748,0.35348,0.65065,0.77458,0.55133,0.45411,different
paracetamol_500mg,different_0900,0.21918,0.36503,0.67487,0.75769,0.58132,0.47534,different
paracetamol_500mg,different_0648,0.30038,0.33764,0.6877,0.73434,0.54423,0.48027,different
paracetamol_500mg,original_0120,0.33901,0.40787,0.60053,0.73833,0.52861,0.39522,original
paracetamol_500mg,different_0080,0.25954,0.39313,0.6836,0.76653,0.61009,0.53816,different
paracetamol_500mg,different_0265,0.28763,0.34934,0.63465,0.75163,0.55832,0.456,different
paracetamol_500mg,substandard_0931,0.37624,0.46862,0.61401,0.69834,0.55644,0.42891,substandard
paracetamol_500mg,different_0639,0.25304,0.3939,0.67339,0.76181,0.5452,0.48482,different
paracetamol_500mg,different_0031,0.29012,0.35652,0.67317,0.7964,0.57968,0.47413,different
paracetamol_500mg,original_0601,0.32987,0.42653,0.59785,0.77115,0.47171,0.37103,original
paracetamol_500mg,different_0423,0.24828,0.34244,0.65205,0.74029,0.58909,0.45862,different
paracetamol_500mg,substandard_0618,0.31608,0.45752,0.53041,0.68882,0.49472,0.41599,substandard
paracetamol_500mg,substandard_0976,0.31426,0.45904,0.57443,0.68424,0.50934,0.43979,substandard
paracetamol_500mg,substandard_0984,0.38274,0.4798,0.62482,0.70874,0.53347,0.42928,substandard
paracetamol_500mg,different_0404,0.28622,0.38181,0.71887,0.78507,0.62453,0.47752,different
paracetamol_500mg,original_0210,0.30802,0.3974,0.59336,0.74634,0.47542,0.40054,original
paracetamol_500mg,different_0320,0.29253,0.39323,0.67908,0.79001,0.51221,0.52425,different
paracetamol_500mg,original_0654,0.31117,0.45116,0.58735,0.71608,0.48647,0.38578,original
paracetamol_500mg,original_0773,0.32193,0.41309,0.57866,0.79837,0.507,0.37619,original
paracetamol_500mg,substandard_0682,0.32726,0.46705,0.58178,0.7323,0.52317,0.46706,substandard
paracetamol_500mg,original_0617,0.34393,0.44411,0.57615,0.74739,0.50177,0.39311,original
paracetamol_500mg,substandard_0709,0.34623,0.47394,0.60293,0.69848,0.5754,0.49322,substandard
paracetamol_500mg,original_0133,0.28661,0.42418,0.58622,0.69062,0.46967,0.36219,original
paracetamol_500mg,substandard_0186,0.30645,0.41465,0.54822,0.66569,0.46728,0.40103,substandard
paracetamol_500mg,original_0881,0.36193,0.45394,0.66576,0.73943,0.47881,0.4302,original
paracetamol_500mg,different_0154,0.2711,0.3437,0.66448,0.76773,0.50006,0.41099,different
paracetamol_500mg,different_0606,0.24716,0.39644,0.63261,0.75485,0.62108,0.46491,different
paracetamol_500mg,original_0134,0.32533,0.44359,0.63148,0.75121,0.4813,0.43354,original
paracetamol_500mg,different_0714,0.23837,0.35674,0.6776,0.85863,0.55986,0.54002,different
paracetamol_500mg,substandard_0975,0.30311,0.42714,0.59636,0.651,0.52787,0.40868,substandard
paracetamol_500mg,different_0798,0.28483,0.3643,0.70054,0.78485,0.56406,0.51056,different
paracetamol_500mg,substandard_0448,0.34858,0.45011,0.52973,0.695,0.4855,0.39834,substandard
paracetamol_500mg,different_0313,0.29663,0.4077,0.68536,0.80391,0.58436,0.54808,different
paracetamol_500mg,substandard_0213,0.31424,0.44958,0.54966,0.71908,0.51452,0.45498,substandard
paracetamol_500mg,different_0555,0.25442,0.38578,0.70403,0.75154,0.52167,0.47481,different
paracetamol_500mg,original_0095,0.33201,0.4318,0.62434,0.72315,0.48229,0.39131,original
paracetamol_500mg,different_0760,0.25511,0.33199,0.64368,0.7748,0.55462,0.50438,different
paracetamol_500mg,original_0526,0.31375,0.43153,0.59933,0.7427,0.45728,0.35298,original
paracetamol_500mg,original_0390,0.32411,0.39758,0.64591,0.73983,0.5261,0.37774,original
paracetamol_500mg,different_0618,0.25091,0.38738,0.65573,0.78988,0.54872,0.51181,different
paracetamol_500mg,different_0947,0.2836,0.36481,0.68338,0.79753,0.57617,0.47835,different
paracetamol_500mg,original_0368,0.32444,0.38753,0.56799,0.72059,0.48599,0.37585,original
paracetamol_500mg,substandard_0500,0.34199,0.4616,0.58015,0.70326,0.53359,0.41673,substandard
paracetamol_500mg,original_0424,0.30837,0.44732,0.58562,0.71722,0.40864,0.3995,original
paracetamol_500mg,different_0986,0.28579,0.37788,0.65486,0.7643,0.56566,0.46312,different
paracetamol_500mg,different_0345,0.30075,0.38495,0.73274,0.77111,0.57659,0.49227,different
paracetamol_500mg,original_0800,0.2867,0.44051,0.64024,0.76132,0.48426,0.36831,original
paracetamol_500mg,substandard_0790,0.33288,0.40429,0.55966,0.65067,0.54031,0.46728,substandard
paracetamol_500mg,substandard_0084,0.33842,0.4232,0.55039,0.64828,0.51168,0.45563,substandard
paracetamol_500mg,different_0375,0.26604,0.36197,0.67938,0.75646,0.53845,0.44622,different
paracetamol_500mg,substandard_0134,0.31776,0.4621,0.54951,0.67186,0.52801,0.40594,substandard
paracetamol_500mg,original_0667,0.29323,0.39875,0.60087,0.73176,0.45025,0.36814,original
paracetamol_500mg,substandard_0215,0.33598,0.47555,0.59004,0.68479,0.52991,0.4086,substandard
paracetamol_500mg,original_0550,0.26008,0.3913,0.63244,0.72246,0.4868,0.34383,original
paracetamol_500mg,different_0456,0.2591,0.34689,0.65287,0.75799,0.55823,0.4102,different
paracetamol_500mg,different_0310,0.28937,0.39773,0.66893,0.72374,0.59216,0.47063,different
paracetamol_500mg,substandard_0625,0.34443,0.51849,0.55885,0.70596,0.5097,0.41403,substandard
paracetamol_500mg,different_0908,0.26339,0.37033,0.63834,0.73142,0.55745,0.4699,different
paracetamol_500mg,substandard_0241,0.34449,0.49596,0.54533,0.73353,0.49449,0.421,substandard
paracetamol_500mg,substandard_0728,0.30835,0.42896,0.52984,0.73923,0.4848,0.39069,substandard
paracetamol_500mg,substandard_0005,0.30442,0.43862,0.54609,0.69476,0.52025,0.39066,substandard
paracetamol_500mg,different_0099,0.24773,0.3819,0.67052,0.79408,0.59761,0.52257,different
paracetamol_500mg,substandard_0396,0.30467,0.4413,0.56948,0.70243,0.51828,0.38043,substandard
paracetamol_500mg,different_0010,0.27466,0.39593,0.70268,0.75575,0.57691,0.48915,different
paracetamol_500mg,different_0544,0.29749,0.37447,0.64026,0.7784,0.53557,0.41368,different
paracetamol_500mg,different_0905,0.22866,0.338,0.62179,0.74581,0.54632,0.44234,different
paracetamol_500mg,different_0763,0.27591,0.36362,0.63671,0.74586,0.52457,0.47603,different
paracetamol_500mg,different_0933,0.24225,0.41246,0.69383,0.79677,0.55757,0.48628,different
paracetamol_500mg,original_0054,0.31767,0.41426,0.57095,0.71785,0.48229,0.36838,original
paracetamol_500mg,substandard_0518,0.34432,0.49771,0.54215,0.73034,0.52495,0.4544,substandard
paracetamol_500mg,substandard_0729,0.34116,0.47206,0.55811,0.65138,0.5197,0.45498,substandard
paracetamol_500mg,original_0145,0.33956,0.41088,0.60162,0.73678,0.49038,0.35126,original
paracetamol_500mg,original_0838,0.26848,0.392,0.63582,0.69549,0.51176,0.34107,original
paracetamol_500mg,different_0366,0.25171,0.34099,0.64209,0.77009,0.5627,0.47901,different
paracetamol_500mg,substandard_0139,0.32051,0.477,0.55874,0.67723,0.5037,0.41679,substandard
paracetamol_500mg,original_0706,0.31475,0.40382,0.61274,0.71126,0.50053,0.42753,original
paracetamol_500mg,substandard_0508,0.3527,0.50848,0.56474,0.671,0.57532,0.45466,substandard
paracetamol_500mg,different_0274,0.30927,0.38609,0.65999,0.76529,0.58364,0.51964,different
paracetamol_500mg,original_0433,0.26424,0.40476,0.59247,0.70995,0.42586,0.391,original
paracetamol_500mg,substandard_0355,0.35673,0.46903,0.57478,0.74089,0.54745,0.44054,substandard
paracetamol_500mg,different_0609,0.29162,0.38486,0.67737,0.79985,0.56671,0.49932,different
paracetamol_500mg,different_0357,0.32847,0.37985,0.67828,0.78708,0.60035,0.52885,different
paracetamol_500mg,different_0327,0.26659,0.36975,0.65415,0.75777,0.58891,0.49279,different
paracetamol_500mg,substandard_0902,0.3163,0.49347,0.54901,0.6849,0.55091,0.41213,substandard
paracetamol_500mg,substandard_0110,0.30442,0.45286,0.54886,0.68107,0.53263,0.42346,substandard
paracetamol_500mg,original_0631,0.29486,0.44644,0.6228,0.68955,0.45419,0.37826,original
paracetamol_500mg,different_0066,0.2724,0.37607,0.69951,0.78992,0.58574,0.48644,different
paracetamol_500mg,different_0408,0.328,0.40096,0.67897,0.77342,0.63262,0.49754,different
paracetamol_500mg,substandard_0692,0.34236,0.46712,0.56395,0.72455,0.50747,0.449,substandard
paracetamol_500mg,different_0730,0.29344,0.37025,0.66477,0.75775,0.58139,0.46421,different
paracetamol_500mg,original_0876,0.28377,0.41219,0.62397,0.74597,0.45735,0.3809,original
paracetamol_500mg,original_0115,0.30487,0.40241,0.62525,0.73671,0.43623,0.39474,original
paracetamol_500mg,original_0975,0.30626,0.40097,0.61611,0.73494,0.49039,0.41933,original
paracetamol_500mg,different_0093,0.21431,0.36994,0.6426,0.747,0.55615,0.48606,different
paracetamol_500mg,substandard_0659,0.35054,0.49321,0.59617,0.64794,0.51752,0.4478,substandard
paracetamol_500mg,substandard_0250,0.33842,0.4671,0.61592,0.71702,0.52289,0.46155,substandard
paracetamol_500mg,substandard_0529,0.26958,0.44309,0.54269,0.65603,0.48449,0.37497,substandard
paracetamol_500mg,original_0237,0.32813,0.43836,0.61711,0.71409,0.43443,0.38627,original
paracetamol_500mg,substandard_0869,0.31424,0.46287,0.52913,0.67192,0.51284,0.43032,substandard
paracetamol_500mg,different_0631,0.29018,0.37989,0.64996,0.73989,0.57655,0.49069,different
paracetamol_500mg,original_0482,0.30055,0.35099,0.63371,0.65518,0.44176,0.34876,original
paracetamol_500mg,substandard_0381,0.3499,0.46467,0.57768,0.66743,0.48317,0.42737,substandard
paracetamol_500mg,different_0205,0.27901,0.39769,0.71066,0.81385,0.56314,0.51052,different
paracetamol_500mg,substandard_0934,0.29291,0.43164,0.57214,0.66687,0.5222,0.44316,substandard
paracetamol_500mg,different_0543,0.20945,0.34589,0.6714,0.76744,0.54562,0.43814,different
paracetamol_500mg,substandard_0748,0.34096,0.49991,0.57671,0.6779,0.54317,0.39216,substandard
paracetamol_500mg,different_0481,0.28769,0.37252,0.65338,0.75283,0.56809,0.47581,different
paracetamol_500mg,different_0241,0.24087,0.35933,0.62265,0.8068,0.57443,0.42964,different
paracetamol_500mg,substandard_0883,0.30624,0.45152,0.54807,0.67495,0.44471,0.39812,substandard
paracetamol_500mg,original_0078,0.27686,0.41102,0.6446,0.74791,0.45839,0.41275,original
paracetamol_500mg,original_0637,0.3245,0.40124,0.63282,0.72595,0.48563,0.43448,original
paracetamol_500mg,substandard_0138,0.34855,0.48281,0.59504,0.72354,0.55157,0.41343,substandard
paracetamol_500mg,original_0920,0.27405,0.38937,0.58884,0.77559,0.43701,0.39498,original
paracetamol_500mg,substandard_0410,0.28702,0.4494,0.56977,0.64457,0.51248,0.46224,substandard
paracetamol_500mg,original_0538,0.31664,0.42196,0.65399,0.75466,0.50427,0.43211,original
paracetamol_500mg,different_0515,0.25949,0.36381,0.66156,0.76874,0.53972,0.4516,different
paracetamol_500mg,different_0578,0.2963,0.37653,0.62788,0.68446,0.53905,0.45976,different
paracetamol_500mg,substandard_0419,0.34588,0.40046,0.55459,0.68617,0.50721,0.41237,substandard
paracetamol_500mg,substandard_0708,0.34346,0.46827,0.6091,0.69253,0.5493,0.47141,substandard
paracetamol_500mg,original_0648,0.29875,0.41227,0.59065,0.76958,0.46468,0.42666,original
paracetamol_500mg,substandard_0503,0.36859,0.47245,0.58214,0.66346,0.54789,0.42385,substandard
paracetamol_500mg,original_0512,0.31641,0.46067,0.62472,0.72725,0.50289,0.3735,original
paracetamol_500mg,substandard_0814,0.35667,0.49347,0.55594,0.71881,0.55137,0.43521,substandard
paracetamol_500mg,substandard_0965,0.35148,0.48039,0.56356,0.65863,0.49492,0.49498,substandard
paracetamol_500mg,substandard_0495,0.32429,0.42486,0.54427,0.71133,0.52692,0.42577,substandard
paracetamol_500mg,original_0584,0.2643,0.36166,0.57311,0.75789,0.4688,0.32281,original
paracetamol_500mg,original_0101,0.3347,0.42141,0.62419,0.73798,0.50527,0.39382,original
paracetamol_500mg,different_0506,0.25875,0.32627,0.65571,0.7962,0.55021,0.46589,different
paracetamol_500mg,different_0082,0.25507,0.37241,0.66312,0.76125,0.58298,0.49146,different
paracetamol_500mg,original_0460,0.29342,0.46154,0.59773,0.69122,0.47956,0.36808,original
paracetamol_500mg,original_0465,0.31473,0.38249,0.60645,0.75175,0.47667,0.40309,original
paracetamol_500mg,different_0058,0.31103,0.42831,0.66113,0.75358,0.61538,0.49855,different
paracetamol_500mg,original_0974,0.29748,0.42489,0.60704,0.70385,0.4995,0.34486,original
paracetamol_500mg,different_0794,0.2703,0.36709,0.64832,0.7912,0.57716,0.45217,different
paracetamol_500mg,different_0868,0.26883,0.38031,0.63043,0.76217,0.54227,0.4833,different
paracetamol_500mg,different_0857,0.31884,0.44311,0.71163,0.7984,0.57522,0.5003,different
paracetamol_500mg,substandard_0624,0.31228,0.41896,0.60234,0.66242,0.53136,0.39399,substandard
paracetamol_500mg,original_0018,0.32415,0.38128,0.61777,0.71078,0.45629,0.37967,original
paracetamol_500mg,different_0780,0.23509,0.35211,0.64275,0.74437,0.58192,0.44311,different
paracetamol_500mg,different_0563,0.30048,0.38112,0.67271,0.75105,0.60759,0.52827,different
paracetamol_500mg,different_0194,0.28251,0.37373,0.69821,0.8176,0.56462,0.49866,different
paracetamol_500mg,original_0189,0.33059,0.44733,0.58215,0.77736,0.51166,0.35703,original
paracetamol_500mg,different_0273,0.30574,0.3425,0.64875,0.75166,0.52923,0.447,different
paracetamol_500mg,different_0983,0.27586,0.37082,0.68719,0.78429,0.55896,0.50647,different
paracetamol_500mg,original_0443,0.3285,0.41358,0.57298,0.72494,0.5075,0.4393,original
paracetamol_500mg,different_0662,0.22675,0.36407,0.6749,0.70685,0.51029,0.43036,different
paracetamol_500mg,original_0229,0.28045,0.38486,0.5693,0.68368,0.47435,0.36074,original
paracetamol_500mg,substandard_0409,0.3366,0.42763,0.5609,0.6784,0.50744,0.40997,substandard
paracetamol_500mg,different_0882,0.25163,0.39727,0.66298,0.78849,0.55183,0.47938,different
paracetamol_500mg,original_0475,0.2889,0.37825,0.58896,0.74495,0.5073,0.35798,original
paracetamol_500mg,different_0387,0.27115,0.35435,0.60131,0.78431,0.57827,0.44318,different
paracetamol_500mg,different_0884,0.31925,0.37171,0.68627,0.79191,0.59484,0.52061,different
paracetamol_500mg,different_0605,0.3057,0.36352,0.69531,0.77797,0.58342,0.47549,different
paracetamol_500mg,original_0620,0.35847,0.42649,0.61509,0.76665,0.50568,0.42089,original
paracetamol_500mg,substandard_0133,0.37612,0.47945,0.57635,0.69041,0.52762,0.44815,substandard
paracetamol_500mg,different_0418,0.31071,0.35319,0.68632,0.75942,0.58159,0.45298,different
paracetamol_500mg,original_0147,0.27734,0.37557,0.60851,0.69186,0.44768,0.36208,original
paracetamol_500mg,substandard_0913,0.32321,0.43709,0.559,0.65227,0.49426,0.42203,substandard
paracetamol_500mg,substandard_0451,0.3597,0.4739,0.58743,0.73049,0.57333,0.46929,substandard
paracetamol_500mg,substandard_0426,0.30954,0.46704,0.54705,0.66877,0.53499,0.42686,substandard
paracetamol_500mg,original_0461,0.30431,0.41231,0.62588,0.72308,0.45844,0.39729,original
paracetamol_500mg,substandard_0733,0.32114,0.44277,0.55692,0.68915,0.49817,0.3898,substandard
paracetamol_500mg,different_0085,0.30486,0.37282,0.67488,0.7645,0.58175,0.52736,different
paracetamol_500mg,different_0200,0.29899,0.36648,0.69643,0.83347,0.60831,0.50007,different
paracetamol_500mg,substandard_0566,0.37901,0.47142,0.60592,0.69867,0.53435,0.45045,substandard
paracetamol_500mg,original_0015,0.30435,0.39752,0.61696,0.72911,0.48241,0.39255,original
paracetamol_500mg,substandard_0753,0.3154,0.49096,0.59158,0.68036,0.49146,0.4163,substandard
paracetamol_500mg,substandard_0293,0.35248,0.46559,0.60308,0.70034,0.48869,0.46721,substandard
paracetamol_500mg,different_0355,0.29694,0.35076,0.68842,0.79818,0.58788,0.51047,different
paracetamol_500mg,original_0194,0.37231,0.46953,0.59972,0.75008,0.51198,0.40349,original
paracetamol_500mg,substandard_0303,0.35044,0.4912,0.54213,0.72384,0.48998,0.41052,substandard
paracetamol_500mg,original_0169,0.3365,0.43799,0.63649,0.75961,0.46253,0.38516,original
paracetamol_500mg,different_0638,0.31142,0.38261,0.70987,0.77031,0.62017,0.51045,different
paracetamol_500mg,different_0797,0.25936,0.38531,0.72595,0.75407,0.5605,0.43394,different
paracetamol_500mg,different_0054,0.26953,0.41431,0.71494,0.77313,0.55933,0.45951,different
paracetamol_500mg,original_0798,0.27491,0.39073,0.61759,0.76044,0.48379,0.41299,original
paracetamol_500mg,substandard_0701,0.2885,0.45197,0.55,0.6238,0.4967,0.42848,substandard
paracetamol_500mg,different_0416,0.28576,0.36828,0.65106,0.77554,0.54901,0.49269,different
paracetamol_500mg,original_0886,0.31428,0.44484,0.63616,0.71871,0.47512,0.43106,original
paracetamol_500mg,substandard_0453,0.29347,0.40474,0.58957,0.67384,0.5259,0.40446,substandard
paracetamol_500mg,substandard_0256,0.32724,0.46109,0.50584,0.69697,0.49716,0.40915,substandard
paracetamol_500mg,original_0704,0.33555,0.45411,0.62938,0.74696,0.45276,0.41321,original
paracetamol_500mg,different_0468,0.25898,0.3816,0.70646,0.77546,0.55693,0.50294,different
paracetamol_500mg,original_0314,0.30196,0.43633,0.60632,0.74211,0.45621,0.38799,original
paracetamol_500mg,different_0890,0.27655,0.38444,0.6509,0.77484,0.56751,0.45427,different
paracetamol_500mg,original_0607,0.36494,0.42377,0.58125,0.73764,0.48696,0.39985,original
paracetamol_500mg,original_0570,0.3818,0.42174,0.6598,0.71081,0.44235,0.39085,original
paracetamol_500mg,substandard_0059,0.30557,0.4518,0.53696,0.70929,0.49833,0.44361,substandard
paracetamol_500mg,different_0277,0.28194,0.38966,0.72002,0.78064,0.58065,0.48291,different
paracetamol_500mg,substandard_0147,0.31267,0.45312,0.52238,0.68274,0.43794,0.44064,substandard
paracetamol_500mg,substandard_0553,0.31913,0.47606,0.56189,0.68712,0.55395,0.44611,substandard
paracetamol_500mg,original_0292,0.3017,0.39314,0.58731,0.72674,0.49093,0.35538,original
paracetamol_500mg,different_0359,0.29386,0.35765,0.67259,0.75795,0.52626,0.47785,different
paracetamol_500mg,substandard_0847,0.31258,0.44692,0.54582,0.6711,0.49386,0.42034,substandard
paracetamol_500mg,different_0474,0.28509,0.35805,0.69109,0.77743,0.59203,0.47307,different
paracetamol_500mg,original_0852,0.3136,0.4507,0.63833,0.75831,0.49494,0.44887,original
paracetamol_500mg,original_0315,0.3077,0.4029,0.59632,0.72948,0.46049,0.40465,original
paracetamol_500mg,different_0802,0.27768,0.33935,0.69683,0.79532,0.59818,0.43308,different
paracetamol_500mg,original_0111,0.36692,0.44314,0.59331,0.77058,0.46351,0.42707,original
paracetamol_500mg,different_0844,0.23439,0.38738,0.66987,0.76902,0.55096,0.49629,different
paracetamol_500mg,original_0300,0.29181,0.44684,0.62062,0.71966,0.44702,0.38332,original
paracetamol_500mg,original_0316,0.35743,0.42086,0.63224,0.7272,0.49596,0.39317,original
paracetamol_500mg,different_0823,0.29652,0.39887,0.7038,0.77786,0.58029,0.47491,different
paracetamol_500mg,original_0564,0.29328,0.38388,0.54478,0.67066,0.43665,0.37573,original
paracetamol_500mg,original_0044,0.30307,0.40875,0.62769,0.72606,0.47049,0.366,original
paracetamol_500mg,different_0220,0.27646,0.37513,0.69513,0.78987,0.55796,0.49545,different
paracetamol_500mg,substandard_0033,0.32129,0.47179,0.56911,0.68376,0.48415,0.39644,substandard
paracetamol_500mg,different_0183,0.26363,0.37042,0.68255,0.744,0.54586,0.48871,different
paracetamol_500mg,original_0535,0.30788,0.38629,0.59018,0.71283,0.46149,0.3666,original
paracetamol_500mg,different_0083,0.28491,0.38059,0.63324,0.75927,0.5584,0.46856,different
paracetamol_500mg,original_0784,0.30238,0.39424,0.56755,0.71623,0.46199,0.35053,original
paracetamol_500mg,substandard_0956,0.29379,0.45584,0.55807,0.67153,0.52422,0.40407,substandard
paracetamol_500mg,original_0303,0.28599,0.38465,0.54024,0.72532,0.48193,0.36714,original
paracetamol_500mg,different_1000,0.27606,0.34422,0.65992,0.78088,0.53835,0.45258,different
paracetamol_500mg,original_0067,0.29161,0.4244,0.62728,0.73048,0.45078,0.40402,original
paracetamol_500mg,original_0017,0.33578,0.41452,0.64489,0.74802,0.46528,0.39807,original
paracetamol_500mg,different_0179,0.28232,0.33394,0.67213,0.77814,0.5238,0.49351,different
paracetamol_500mg,different_0703,0.26157,0.38535,0.68526,0.7654,0.54634,0.46461,different
paracetamol_500mg,substandard_0513,0.35597,0.42404,0.58069,0.6814,0.50615,0.43585,substandard
paracetamol_500mg,substandard_0731,0.31303,0.42258,0.56035,0.65414,0.53884,0.48021,substandard
paracetamol_500mg,different_0213,0.27387,0.39511,0.67211,0.7744,0.62448,0.50918,different
paracetamol_500mg,original_0021,0.31261,0.41389,0.5444,0.70893,0.43733,0.37104,original
paracetamol_500mg,substandard_0818,0.36752,0.50853,0.59861,0.72842,0.50779,0.44919,substandard
paracetamol_500mg,original_0332,0.31571,0.4441,0.59317,0.78065,0.48019,0.38857,original
paracetamol_500mg,substandard_0086,0.33608,0.452,0.54847,0.65858,0.51557,0.40683,substandard
paracetamol_500mg,substandard_0466,0.32611,0.48429,0.59147,0.70101,0.54003,0.48931,substandard
paracetamol_500mg,original_0248,0.3118,0.43983,0.60113,0.71778,0.46218,0.42682,original
paracetamol_500mg,different_0866,0.25088,0.35936,0.66468,0.75202,0.57212,0.47149,different
paracetamol_500mg,substandard_0605,0.35262,0.43604,0.54729,0.69492,0.49799,0.4404,substandard
paracetamol_500mg,different_0014,0.25589,0.37013,0.66833,0.76733,0.53621,0.45315,different
paracetamol_500mg,different_0140,0.22929,0.36054,0.68124,0.76572,0.55483,0.48627,different
paracetamol_500mg,original_0672,0.35064,0.42814,0.62142,0.76566,0.4892,0.3845,original
paracetamol_500mg,substandard_0203,0.34718,0.4626,0.57555,0.73776,0.53378,0.46804,substandard
paracetamol_500mg,original_0469,0.28293,0.42146,0.62969,0.7118,0.53547,0.38597,original
paracetamol_500mg,different_0163,0.27278,0.3875,0.68867,0.78301,0.52063,0.49393,different
paracetamol_500mg,original_0618,0.28949,0.41828,0.58612,0.7044,0.39573,0.36582,original
paracetamol_500mg,different_0446,0.29277,0.40748,0.67287,0.80672,0.57307,0.48293,different
paracetamol_500mg,different_0106,0.28562,0.35073,0.68589,0.79276,0.59632,0.48411,different
paracetamol_500mg,original_0273,0.28683,0.36402,0.5987,0.69745,0.44579,0.34489,original
paracetamol_500mg,substandard_0679,0.30532,0.41193,0.51023,0.63699,0.52063,0.40057,substandard
paracetamol_500mg,different_0881,0.306,0.35409,0.69041,0.8089,0.59495,0.50171,different
paracetamol_500mg,substandard_0405,0.33208,0.46525,0.53842,0.6462,0.52396,0.40313,substandard
paracetamol_500mg,substandard_0076,0.34352,0.46473,0.61821,0.68283,0.49939,0.41831,substandard
paracetamol_500mg,substandard_0746,0.37529,0.41275,0.59176,0.66032,0.56251,0.44807,substandard
paracetamol_500mg,original_0899,0.31508,0.4144,0.59997,0.74912,0.47443,0.37415,original
paracetamol_500mg,substandard_0673,0.34734,0.45999,0.56862,0.62571,0.50611,0.43828,substandard
paracetamol_500mg,original_0481,0.32182,0.44653,0.65347,0.74809,0.45022,0.43162,original
paracetamol_500mg,substandard_0354,0.31444,0.50442,0.56949,0.64579,0.49951,0.38219,substandard
paracetamol_500mg,original_0255,0.3254,0.44541,0.64754,0.76076,0.50833,0.37822,original
paracetamol_500mg,original_0596,0.32122,0.44984,0.60785,0.75391,0.5028,0.39905,original
paracetamol_500mg,original_0912,0.32945,0.42401,0.62004,0.75927,0.53385,0.44753,original
paracetamol_500mg,different_0487,0.2347,0.32032,0.68243,0.8032,0.5692,0.51546,different
paracetamol_500mg,substandard_0763,0.33398,0.47811,0.55504,0.6915,0.45822,0.39522,substandard
paracetamol_500mg,different_0368,0.28123,0.39263,0.6954,0.7639,0.54727,0.46805,different
paracetamol_500mg,different_0684,0.26725,0.39932,0.72796,0.72168,0.59507,0.44817,different
paracetamol_500mg,original_0430,0.33697,0.39501,0.60821,0.74109,0.46989,0.39385,original
paracetamol_500mg,different_0587,0.22275,0.3637,0.62849,0.74957,0.58092,0.42753,different
paracetamol_500mg,different_0629,0.24297,0.358,0.61736,0.75564,0.48562,0.45335,different
paracetamol_500mg,substandard_0588,0.35808,0.48697,0.56578,0.69412,0.47102,0.47775,substandard
paracetamol_500mg,different_0842,0.32619,0.38853,0.69227,0.77065,0.59761,0.45637,different
paracetamol_500mg,different_0008,0.25488,0.30876,0.63537,0.75448,0.54537,0.45244,different
paracetamol_500mg,different_0290,0.26573,0.37477,0.68874,0.76794,0.59743,0.48769,different
paracetamol_500mg,original_0393,0.33256,0.43101,0.59911,0.7466,0.48597,0.43965,original
paracetamol_500mg,different_0046,0.25736,0.33867,0.6501,0.72533,0.56003,0.43568,different
paracetamol_500mg,substandard_0390,0.31752,0.47639,0.5599,0.66573,0.53855,0.4233,substandard
paracetamol_500mg,substandard_0485,0.35477,0.5235,0.58902,0.72839,0.54154,0.4423,substandard
paracetamol_500mg,substandard_0493,0.36055,0.48436,0.54684,0.68019,0.48594,0.4558,substandard
paracetamol_500mg,different_0701,0.25079,0.36647,0.65662,0.76525,0.59542,0.54615,different
paracetamol_500mg,original_0320,0.35112,0.41188,0.65889,0.77114,0.50151,0.43048,original
paracetamol_500mg,original_0909,0.31964,0.42751,0.6628,0.73383,0.48932,0.37116,original
paracetamol_500mg,different_0989,0.24925,0.37413,0.65433,0.76248,0.54762,0.48904,different
paracetamol_500mg,different_0663,0.28619,0.40942,0.68008,0.79853,0.60083,0.50248,different
paracetamol_500mg,different_0392,0.2444,0.36471,0.68815,0.76307,0.57732,0.49753,different
paracetamol_500mg,substandard_0272,0.32859,0.45475,0.55093,0.66745,0.48339,0.39429,substandard
paracetamol_500mg,original_0431,0.28127,0.40695,0.57963,0.72387,0.43663,0.37937,original
paracetamol_500mg,different_0597,0.23509,0.40327,0.65474,0.80855,0.58355,0.47575,different
paracetamol_500mg,different_0247,0.25001,0.32183,0.60264,0.73429,0.5428,0.48533,different
paracetamol_500mg,substandard_0487,0.3508,0.45913,0.58086,0.68035,0.55276,0.45114,substandard
paracetamol_500mg,original_0923,0.30065,0.42448,0.63757,0.72081,0.47228,0.38393,original
paracetamol_500mg,original_0701,0.31026,0.43022,0.64782,0.74915,0.48209,0.38986,original
paracetamol_500mg,original_0483,0.34242,0.45434,0.6128,0.75434,0.45999,0.38017,original
paracetamol_500mg,substandard_0745,0.36108,0.41897,0.57428,0.69279,0.52864,0.42595,substandard
paracetamol_500mg,different_0895,0.30272,0.41943,0.67818,0.77525,0.5968,0.52998,different
paracetamol_500mg,different_0991,0.25023,0.37423,0.65087,0.77489,0.54873,0.49837,different
paracetamol_500mg,different_0215,0.2773,0.42056,0.66541,0.80156,0.61287,0.49257,different
paracetamol_500mg,different_0907,0.28763,0.38616,0.67768,0.77624,0.54895,0.46911,different
paracetamol_500mg,different_0078,0.28655,0.37329,0.68559,0.8286,0.58718,0.50781,different
paracetamol_500mg,different_0696,0.27952,0.38537,0.7065,0.76682,0.54527,0.47799,different
paracetamol_500mg,different_0693,0.24381,0.31107,0.66303,0.77459,0.52904,0.45337,different
paracetamol_500mg,substandard_0031,0.34476,0.45412,0.59068,0.71829,0.54577,0.44537,substandard
paracetamol_500mg,original_0172,0.30898,0.4083,0.62866,0.71489,0.50419,0.38395,original
paracetamol_500mg,substandard_0994,0.33875,0.47087,0.57247,0.69662,0.52174,0.43631,substandard
paracetamol_500mg,different_0859,0.30073,0.39139,0.66812,0.77843,0.56684,0.49856,different
paracetamol_500mg,substandard_0929,0.32192,0.42507,0.57396,0.7046,0.54418,0.43812,substandard
paracetamol_500mg,different_0479,0.26133,0.35574,0.68963,0.74795,0.58329,0.48463,different
paracetamol_500mg,different_0020,0.28747,0.35256,0.64441,0.74841,0.5353,0.49599,different
paracetamol_500mg,substandard_0844,0.31244,0.4613,0.58513,0.65992,0.50857,0.43795,substandard
paracetamol_500mg,original_0179,0.35721,0.4312,0.58194,0.71847,0.49433,0.38604,original
paracetamol_500mg,substandard_0240,0.38193,0.48519,0.61686,0.68454,0.53024,0.44388,substandard
paracetamol_500mg,different_0860,0.27416,0.40368,0.66624,0.83244,0.57696,0.47617,different
paracetamol_500mg,substandard_0962,0.32382,0.46689,0.58901,0.66637,0.56654,0.42891,substandard
paracetamol_500mg,original_0243,0.29261,0.37473,0.59813,0.70927,0.51607,0.4051,original
paracetamol_500mg,substandard_0488,0.37369,0.50244,0.61196,0.75523,0.60242,0.4882,substandard
paracetamol_500mg,substandard_0688,0.32429,0.46754,0.534,0.71753,0.49884,0.41021,substandard
paracetamol_500mg,different_0032,0.27284,0.4019,0.65311,0.76232,0.58119,0.46252,different
paracetamol_500mg,original_0341,0.29439,0.41482,0.59767,0.75729,0.49422,0.38573,original
paracetamol_500mg,substandard_0430,0.3307,0.45583,0.5705,0.68259,0.53113,0.43439,substandard
paracetamol_500mg,different_0321,0.29182,0.40839,0.69382,0.82306,0.58572,0.4677,different
paracetamol_500mg,different_0397,0.25205,0.37719,0.62962,0.7856,0.54597,0.43353,different
paracetamol_500mg,original_0116,0.32428,0.46765,0.63708,0.79034,0.53672,0.43574,original
paracetamol_500mg,substandard_0861,0.32258,0.46161,0.5731,0.71646,0.55119,0.39765,substandard
paracetamol_500mg,original_0130,0.284,0.44228,0.60969,0.71389,0.51753,0.37262,original
paracetamol_500mg,original_0761,0.36219,0.43096,0.61763,0.77435,0.4773,0.4182,original
paracetamol_500mg,substandard_0078,0.31985,0.44422,0.56086,0.68429,0.4658,0.40663,substandard
paracetamol_500mg,substandard_0243,0.33422,0.44679,0.5876,0.66876,0.56513,0.41395,substandard
paracetamol_500mg,original_0707,0.307,0.43103,0.6088,0.7522,0.50933,0.36846,original
paracetamol_500mg,substandard_0224,0.37195,0.46181,0.58261,0.68885,0.53538,0.4241,substandard
paracetamol_500mg,different_0151,0.23622,0.37466,0.65643,0.7565,0.58761,0.48499,different
paracetamol_500mg,original_0817,0.29847,0.44315,0.58073,0.72047,0.42285,0.39319,original
paracetamol_500mg,substandard_0928,0.34421,0.43861,0.55753,0.68451,0.54615,0.4049,substandard
paracetamol_500mg,substandard_0713,0.34949,0.47037,0.6166,0.73465,0.51836,0.44813,substandard
paracetamol_500mg,different_0863,0.29776,0.37592,0.6997,0.71413,0.5493,0.45943,different
paracetamol_500mg,different_0101,0.26615,0.37548,0.65586,0.79659,0.54363,0.47441,different
paracetamol_500mg,substandard_0524,0.28444,0.43475,0.54123,0.69013,0.48534,0.41464,substandard
paracetamol_500mg,different_0523,0.29587,0.39574,0.64952,0.7943,0.58743,0.48034,different
paracetamol_500mg,substandard_0808,0.30737,0.47072,0.57491,0.67918,0.49954,0.41169,substandard
paracetamol_500mg,different_0740,0.28836,0.38807,0.67433,0.75378,0.55576,0.47593,different
paracetamol_500mg,different_0452,0.27494,0.3672,0.70293,0.77007,0.58715,0.50317,different
paracetamol_500mg,substandard_0370,0.3328,0.44653,0.59045,0.6766,0.50841,0.46206,substandard
paracetamol_500mg,substandard_0489,0.30956,0.43869,0.61346,0.69984,0.52538,0.41377,substandard
paracetamol_500mg,substandard_0669,0.37545,0.45727,0.58986,0.68344,0.53035,0.45528,substandard
paracetamol_500mg,substandard_0143,0.33203,0.45534,0.5755,0.69697,0.53089,0.40746,substandard
paracetamol_500mg,substandard_0651,0.31624,0.41771,0.54557,0.69522,0.51309,0.45396,substandard
paracetamol_500mg,original_0445,0.321,0.42639,0.64855,0.72097,0.4556,0.41638,original
paracetamol_500mg,different_0966,0.23164,0.3437,0.67647,0.77996,0.54126,0.44018,different
paracetamol_500mg,original_0964,0.3214,0.41369,0.57593,0.74635,0.49639,0.36913,original
paracetamol_500mg,substandard_0128,0.33692,0.51081,0.55943,0.68873,0.51169,0.45441,substandard
paracetamol_500mg,different_0484,0.27703,0.36186,0.69993,0.74788,0.54217,0.43982,different
paracetamol_500mg,original_0348,0.26105,0.41145,0.57164,0.71322,0.46255,0.34331,original
paracetamol_500mg,different_0168,0.30426,0.39151,0.72097,0.7674,0.646,0.49678,different
paracetamol_500mg,different_0973,0.25852,0.4143,0.62076,0.76963,0.58781,0.49001,different
paracetamol_500mg,original_0651,0.31013,0.42172,0.62909,0.76175,0.47448,0.43018,original
paracetamol_500mg,substandard_0154,0.33657,0.47092,0.53806,0.70061,0.52533,0.45633,substandard
paracetamol_500mg,substandard_0547,0.35217,0.49042,0.60548,0.72877,0.5451,0.44368,substandard
paracetamol_500mg,original_0398,0.30601,0.36845,0.57194,0.75324,0.49928,0.39512,original
paracetamol_500mg,original_0717,0.31914,0.44313,0.62604,0.70748,0.49284,0.3823,original
paracetamol_500mg,original_0673,0.35294,0.43844,0.59232,0.75471,0.52969,0.37892,original
paracetamol_500mg,different_0839,0.29795,0.38478,0.61553,0.80874,0.58928,0.48304,different
paracetamol_500mg,substandard_0703,0.3412,0.47513,0.55584,0.72572,0.52729,0.4421,substandard
paracetamol_500mg,original_0345,0.30726,0.42859,0.62292,0.76909,0.51726,0.42602,original
paracetamol_500mg,substandard_0996,0.34807,0.48576,0.62432,0.69397,0.52364,0.428,substandard
paracetamol_500mg,different_0033,0.29874,0.33762,0.68425,0.73084,0.54379,0.49814,different
paracetamol_500mg,different_0767,0.28454,0.38818,0.68958,0.81609,0.53528,0.48938,different
paracetamol_500mg,original_0983,0.34603,0.3812,0.60167,0.72355,0.4797,0.36629,original
paracetamol_500mg,original_0269,0.34382,0.40247,0.58607,0.69951,0.49702,0.41402,original
paracetamol_500mg,substandard_0769,0.36918,0.43974,0.58249,0.62786,0.50066,0.39723,substandard
paracetamol_500mg,substandard_0740,0.34473,0.48191,0.56539,0.676,0.44163,0.40071,substandard
paracetamol_500mg,original_0216,0.31467,0.38137,0.60696,0.73704,0.48156,0.41428,original
paracetamol_500mg,original_0928,0.31436,0.38632,0.54987,0.71573,0.53338,0.36985,original
paracetamol_500mg,substandard_0840,0.31089,0.42606,0.57516,0.72892,0.52748,0.5225,substandard
paracetamol_500mg,substandard_0873,0.34107,0.46121,0.54952,0.66715,0.55107,0.46111,substandard
paracetamol_500mg,substandard_0167,0.35959,0.4104,0.5787,0.69128,0.50188,0.44068,substandard
paracetamol_500mg,substandard_0194,0.38251,0.45607,0.57308,0.71913,0.53235,0.46507,substandard
paracetamol_500mg,substandard_0766,0.35194,0.48395,0.56762,0.72009,0.49428,0.47392,substandard
paracetamol_500mg,original_0285,0.28298,0.40823,0.62053,0.70654,0.46642,0.37832,original
paracetamol_500mg,different_0385,0.31593,0.43136,0.71427,0.83124,0.616,0.52665,different
paracetamol_500mg,original_0726,0.31658,0.42023,0.60159,0.75475,0.51157,0.39933,original
paracetamol_500mg,original_0034,0.30439,0.41235,0.59343,0.75501,0.48993,0.37992,original
paracetamol_500mg,substandard_0765,0.36807,0.52212,0.59113,0.68615,0.53494,0.48134,substandard
paracetamol_500mg,original_0413,0.32432,0.45419,0.64977,0.74798,0.53602,0.42175,original
paracetamol_500mg,substandard_0055,0.34294,0.44091,0.53749,0.6839,0.49334,0.43735,substandard
paracetamol_500mg,different_0237,0.28351,0.36142,0.69932,0.76345,0.57853,0.48563,different
paracetamol_500mg,different_0119,0.26894,0.34361,0.70687,0.77065,0.5506,0.45483,different
paracetamol_500mg,original_0234,0.32496,0.40256,0.5734,0.75945,0.4765,0.41347,original
paracetamol_500mg,different_0644,0.26664,0.42738,0.69107,0.75821,0.59419,0.47251,different
paracetamol_500mg,substandard_0583,0.38138,0.48192,0.53681,0.66983,0.50272,0.43522,substandard
paracetamol_500mg,original_0167,0.27631,0.37545,0.59226,0.69495,0.47054,0.36153,original
paracetamol_500mg,substandard_0911,0.37797,0.4725,0.55932,0.70724,0.53991,0.44258,substandard
paracetamol_500mg,different_0944,0.24453,0.40474,0.70764,0.7826,0.56489,0.48588,different
paracetamol_500mg,different_0858,0.26285,0.3551,0.70622,0.77952,0.54965,0.50649,different
paracetamol_500mg,substandard_0539,0.33292,0.45272,0.59288,0.67068,0.51244,0.41569,substandard
paracetamol_500mg,different_0721,0.27595,0.38118,0.66579,0.76006,0.57321,0.50724,different
paracetamol_500mg,original_0422,0.33154,0.40083,0.57599,0.72743,0.47177,0.36662,original
paracetamol_500mg,different_0535,0.26424,0.35706,0.70036,0.79413,0.57047,0.44078,different
paracetamol_500mg,substandard_0817,0.30748,0.42373,0.53597,0.65959,0.46139,0.38425,substandard
paracetamol_500mg,original_0962,0.32882,0.44573,0.62713,0.75579,0.48648,0.42591,original
paracetamol_500mg,original_0691,0.27814,0.39006,0.58872,0.73498,0.48395,0.34799,original
paracetamol_500mg,original_0151,0.31082,0.42043,0.63686,0.75374,0.48273,0.35941,original
paracetamol_500mg,different_0705,0.2848,0.3367,0.67702,0.75894,0.60986,0.45999,different
paracetamol_500mg,different_0268,0.25069,0.35046,0.63835,0.7903,0.55359,0.45435,different
paracetamol_500mg,different_0170,0.27602,0.3772,0.66948,0.77699,0.58061,0.47878,different
paracetamol_500mg,different_0257,0.26197,0.4075,0.66921,0.7947,0.5893,0.45027,different
paracetamol_500mg,substandard_0637,0.32116,0.47455,0.53591,0.69919,0.47603,0.41176,substandard
paracetamol_500mg,different_0624,0.30109,0.35872,0.68986,0.77352,0.5507,0.49835,different
paracetamol_500mg,original_0037,0.33143,0.47867,0.64265,0.74091,0.48965,0.41878,original
paracetamol_500mg,original_0833,0.30345,0.41382,0.583,0.75678,0.4673,0.37903,original
paracetamol_500mg,original_0188,0.32521,0.42944,0.61442,0.7486,0.47466,0.41481,original
paracetamol_500mg,substandard_0900,0.35382,0.45618,0.58394,0.69972,0.52886,0.4109,substandard
paracetamol_500mg,different_0692,0.27961,0.36692,0.67491,0.76989,0.61492,0.49543,different
paracetamol_500mg,original_0764,0.29202,0.40738,0.58734,0.71769,0.42089,0.35708,original
paracetamol_500mg,original_0291,0.33945,0.43047,0.62455,0.69951,0.47755,0.40587,original
paracetamol_500mg,original_0383,0.28204,0.39959,0.57511,0.70544,0.43877,0.35665,original
paracetamol_500mg,original_0642,0.29704,0.38541,0.63659,0.74602,0.4333,0.41962,original
paracetamol_500mg,different_0939,0.25183,0.34332,0.66579,0.73478,0.53465,0.47717,different
paracetamol_500mg,substandard_0146,0.30321,0.4497,0.5779,0.69176,0.54457,0.41791,substandard
paracetamol_500mg,original_0665,0.29501,0.40774,0.55077,0.67711,0.47218,0.34864,original
paracetamol_500mg,original_0453,0.32506,0.43727,0.6341,0.7557,0.46798,0.34611,original
paracetamol_500mg,different_0165,0.23217,0.31892,0.6623,0.77006,0.52953,0.47946,different
paracetamol_500mg,original_0418,0.29901,0.42889,0.59764,0.72007,0.43598,0.3807,original
paracetamol_500mg,original_0514,0.31044,0.44657,0.62825,0.74886,0.44345,0.39562,original
paracetamol_500mg,different_0965,0.26307,0.37537,0.66066,0.73245,0.57536,0.45687,different
paracetamol_500mg,original_0233,0.31352,0.43507,0.60948,0.7304,0.45942,0.38582,original
paracetamol_500mg,different_0399,0.25901,0.35485,0.66984,0.75331,0.52116,0.48274,different
paracetamol_500mg,substandard_0274,0.36768,0.50724,0.5898,0.70204,0.54075,0.4809,substandard
paracetamol_500mg,different_0921,0.27555,0.37408,0.68212,0.74131,0.57089,0.48465,different
paracetamol_500mg,original_0753,0.33559,0.48355,0.60133,0.74122,0.53947,0.37662,original
paracetamol_500mg,substandard_0045,0.31863,0.43626,0.54355,0.68422,0.49576,0.42825,substandard
paracetamol_500mg,different_0883,0.27852,0.36801,0.68341,0.76052,0.59229,0.50675,different
paracetamol_500mg,different_0739,0.25948,0.39892,0.64383,0.77983,0.57282,0.46187,different
paracetamol_500mg,original_0084,0.31595,0.44586,0.59267,0.73909,0.50442,0.42918,original
paracetamol_500mg,substandard_0925,0.3343,0.46949,0.49241,0.68165,0.44479,0.38277,substandard
paracetamol_500mg,original_0192,0.32848,0.4456,0.61143,0.72846,0.48148,0.37871,original
paracetamol_500mg,original_0374,0.29144,0.40578,0.58065,0.76099,0.45807,0.38217,original
paracetamol_500mg,different_0537,0.25222,0.376,0.61618,0.73838,0.50473,0.47014,different
paracetamol_500mg,original_0557,0.29646,0.42421,0.60994,0.71398,0.51105,0.38303,original
paracetamol_500mg,substandard_0386,0.28193,0.46021,0.60574,0.72325,0.51667,0.39029,substandard
paracetamol_500mg,substandard_0153,0.34882,0.4716,0.58996,0.68972,0.52368,0.41766,substandard
paracetamol_500mg,substandard_0718,0.31754,0.51644,0.57792,0.67602,0.50021,0.46985,substandard
paracetamol_500mg,substandard_0993,0.36344,0.45612,0.57898,0.69923,0.56341,0.44617,substandard
paracetamol_500mg,original_0885,0.32691,0.46299,0.62346,0.71726,0.46908,0.39543,original
paracetamol_500mg,different_0373,0.26953,0.32861,0.6365,0.75955,0.55959,0.47579,different
paracetamol_500mg,original_0703,0.33537,0.41293,0.61721,0.74389,0.44449,0.38249,original
paracetamol_500mg,substandard_0531,0.36585,0.46535,0.58884,0.68646,0.50017,0.50006,substandard
paracetamol_500mg,original_0186,0.35162,0.41022,0.57685,0.70414,0.51493,0.36704,original
paracetamol_500mg,substandard_0620,0.35215,0.42838,0.57555,0.69785,0.54578,0.39208,substandard
paracetamol_500mg,substandard_0909,0.29452,0.41993,0.52322,0.67895,0.51574,0.43282,substandard
paracetamol_500mg,original_0391,0.30072,0.34614,0.61369,0.70698,0.43506,0.36178,original
paracetamol_500mg,substandard_0114,0.33436,0.49537,0.56122,0.67516,0.51733,0.42383,substandard
paracetamol_500mg,original_0308,0.30645,0.42479,0.59996,0.72836,0.46663,0.36343,original
paracetamol_500mg,original_0991,0.2753,0.44113,0.62767,0.72984,0.46185,0.38622,original
paracetamol_500mg,different_0625,0.24955,0.34924,0.64209,0.78371,0.5477,0.48867,different
paracetamol_500mg,original_0106,0.2863,0.39902,0.58377,0.73704,0.46121,0.376,original
paracetamol_500mg,different_0833,0.27211,0.3921,0.67145,0.77707,0.60135,0.45016,different
paracetamol_500mg,different_0235,0.27657,0.37108,0.64058,0.7561,0.56409,0.49395,different
paracetamol_500mg,original_0721,0.27621,0.40503,0.63392,0.71208,0.46875,0.40219,original
paracetamol_500mg,original_0621,0.34566,0.43029,0.5979,0.69407,0.48293,0.38465,original
paracetamol_500mg,original_0839,0.3064,0.36437,0.60394,0.70338,0.4451,0.37507,original
paracetamol_500mg,substandard_0711,0.34994,0.47717,0.57297,0.71529,0.51307,0.42514,substandard
paracetamol_500mg,different_0946,0.31027,0.41281,0.65694,0.80132,0.62702,0.48266,different
paracetamol_500mg,substandard_0353,0.37798,0.49179,0.61247,0.72343,0.55445,0.42311,substandard
paracetamol_500mg,original_0301,0.2708,0.40241,0.61775,0.69141,0.43511,0.37452,original
paracetamol_500mg,original_0429,0.29557,0.39753,0.61982,0.7441,0.47408,0.37372,original
paracetamol_500mg,substandard_0206,0.35322,0.48618,0.60419,0.73271,0.56515,0.45017,substandard
paracetamol_500mg,original_0204,0.30078,0.41803,0.5585,0.73876,0.45063,0.37762,original
paracetamol_500mg,original_0902,0.31126,0.40289,0.59483,0.72639,0.46669,0.35854,original
paracetamol_500mg,substandard_0319,0.32588,0.43567,0.55606,0.68464,0.52021,0.4363,substandard
paracetamol_500mg,substandard_0639,0.374,0.42231,0.53823,0.69578,0.50323,0.39251,substandard
paracetamol_500mg,substandard_0876,0.3051,0.48027,0.57994,0.69577,0.53475,0.42631,substandard
paracetamol_500mg,different_0773,0.23166,0.30417,0.61858,0.74998,0.55492,0.44762,different
paracetamol_500mg,substandard_0971,0.34102,0.49633,0.57197,0.6895,0.55429,0.46632,substandard
paracetamol_500mg,substandard_0884,0.32118,0.46149,0.55498,0.66052,0.50307,0.35521,substandard
paracetamol_500mg,original_0421,0.31314,0.41345,0.5973,0.73925,0.50758,0.39398,original
paracetamol_500mg,substandard_0672,0.31517,0.40386,0.59944,0.63188,0.49463,0.41358,substandard
paracetamol_500mg,substandard_0214,0.32313,0.44088,0.5692,0.69863,0.48773,0.46087,substandard
paracetamol_500mg,different_0333,0.29489,0.35891,0.6776,0.7825,0.56434,0.49838,different
paracetamol_500mg,different_0516,0.24866,0.3624,0.64812,0.72686,0.55988,0.45199,different
paracetamol_500mg,original_0416,0.3062,0.46317,0.63096,0.75446,0.47431,0.34692,original
paracetamol_500mg,substandard_0512,0.34354,0.44156,0.55398,0.66865,0.54106,0.46355,substandard
paracetamol_500mg,original_0624,0.29625,0.40417,0.61215,0.75133,0.51882,0.40101,original
paracetamol_500mg,different_0339,0.29388,0.34519,0.69787,0.71097,0.59394,0.47376,different
paracetamol_500mg,substandard_0954,0.32018,0.49136,0.62011,0.69709,0.53903,0.39996,substandard
paracetamol_500mg,original_0747,0.35045,0.44812,0.66145,0.7632,0.51634,0.40035,original
paracetamol_500mg,original_0958,0.29248,0.45658,0.62701,0.69764,0.44081,0.35127,original
paracetamol_500mg,original_0744,0.30877,0.4341,0.6011,0.69669,0.4919,0.37467,original
paracetamol_500mg,substandard_0670,0.41513,0.50918,0.60567,0.71692,0.5717,0.47353,substandard
paracetamol_500mg,substandard_0577,0.36169,0.47516,0.57335,0.66433,0.54153,0.43372,substandard
paracetamol_500mg,substandard_0705,0.36658,0.50182,0.58916,0.68203,0.52945,0.38013,substandard
paracetamol_500mg,different_0896,0.23548,0.36122,0.66838,0.7955,0.54971,0.47166,different
paracetamol_500mg,substandard_0107,0.33508,0.48025,0.57967,0.7555,0.56829,0.4598,substandard
paracetamol_500mg,original_0397,0.35068,0.43384,0.64242,0.73546,0.53315,0.43086,original
paracetamol_500mg,different_0707,0.2504,0.35941,0.6414,0.73763,0.57937,0.45669,different
paracetamol_500mg,substandard_0724,0.32965,0.4313,0.59022,0.67905,0.52456,0.42176,substandard
paracetamol_500mg,substandard_0288,0.34261,0.45747,0.56163,0.63412,0.50131,0.43174,substandard
paracetamol_500mg,original_0528,0.32311,0.43265,0.57619,0.69737,0.45839,0.40349,original
paracetamol_500mg,different_0130,0.26448,0.36088,0.66272,0.76214,0.56541,0.49727,different
paracetamol_500mg,substandard_0892,0.35569,0.46966,0.58263,0.72532,0.51785,0.37834,substandard
paracetamol_500mg,original_0170,0.314,0.47164,0.5968,0.74552,0.48479,0.38365,original
paracetamol_500mg,different_0288,0.29416,0.38817,0.65769,0.78417,0.58111,0.4482,different
paracetamol_500mg,original_0503,0.29304,0.45433,0.6503,0.73102,0.48058,0.41384,original
paracetamol_500mg,substandard_0160,0.37059,0.45604,0.51182,0.68174,0.46899,0.42212,substandard
paracetamol_500mg,original_0645,0.32529,0.40794,0.61995,0.72298,0.48521,0.4049,original
paracetamol_500mg,different_0766,0.23833,0.37125,0.63615,0.7433,0.57937,0.52894,different
paracetamol_500mg,original_0069,0.31337,0.41128,0.60346,0.6888,0.48312,0.4002,original
paracetamol_500mg,original_0041,0.28408,0.40115,0.64575,0.78112,0.45896,0.41334,original
paracetamol_500mg,different_0716,0.28009,0.3791,0.68759,0.73789,0.54682,0.47544,different
paracetamol_500mg,substandard_0196,0.32919,0.43485,0.53473,0.71855,0.53094,0.46385,substandard
paracetamol_500mg,original_0982,0.35228,0.43141,0.63439,0.73393,0.48188,0.36604,original
paracetamol_500mg,original_0531,0.26826,0.36471,0.58153,0.69983,0.45308,0.34878,original
paracetamol_500mg,different_0616,0.25901,0.34352,0.65601,0.73082,0.5375,0.44243,different
paracetamol_500mg,different_0551,0.24965,0.30601,0.64395,0.73647,0.55198,0.42528,different
paracetamol_500mg,substandard_0872,0.34947,0.46998,0.55217,0.68359,0.50132,0.41076,substandard
paracetamol_500mg,different_0623,0.27931,0.38094,0.68093,0.80376,0.58166,0.49444,different
paracetamol_500mg,original_0181,0.26467,0.38084,0.59364,0.69888,0.49081,0.35589,original
paracetamol_500mg,original_0166,0.35018,0.44028,0.6116,0.72885,0.51985,0.38639,original
paracetamol_500mg,different_0910,0.26961,0.41552,0.69243,0.78775,0.5885,0.50114,different
paracetamol_500mg,original_0895,0.30654,0.43355,0.60914,0.7226,0.50549,0.3702,original
paracetamol_500mg,different_0488,0.29345,0.35296,0.70128,0.78938,0.54446,0.49234,different
paracetamol_500mg,different_0585,0.24299,0.3642,0.63566,0.77693,0.54884,0.44738,different
paracetamol_500mg,different_0828,0.22217,0.29892,0.64616,0.72101,0.52886,0.4956,different
paracetamol_500mg,substandard_0328,0.30158,0.43458,0.54859,0.67035,0.50076,0.41046,substandard
paracetamol_500mg,different_0065,0.25047,0.35917,0.68081,0.75906,0.54975,0.50723,different
paracetamol_500mg,different_0552,0.25412,0.37459,0.6789,0.76472,0.5423,0.4567,different
paracetamol_500mg,different_0242,0.32117,0.40556,0.66626,0.79016,0.60761,0.52861,different
paracetamol_500mg,original_0906,0.31223,0.42805,0.61948,0.73322,0.45941,0.37319,original
paracetamol_500mg,substandard_0680,0.38237,0.48052,0.6101,0.70428,0.55552,0.45263,substandard
paracetamol_500mg,original_0077,0.33338,0.42576,0.58407,0.71761,0.50472,0.41412,original
paracetamol_500mg,substandard_0249,0.31258,0.41593,0.58586,0.70891,0.51879,0.42998,substandard
paracetamol_500mg,substandard_0619,0.32634,0.44045,0.52209,0.69759,0.53667,0.46959,substandard
paracetamol_500mg,original_0639,0.33205,0.42396,0.64875,0.70559,0.51422,0.35221,original
paracetamol_500mg,different_0216,0.32036,0.45951,0.70074,0.78426,0.64786,0.49791,different
paracetamol_500mg,substandard_0634,0.35683,0.44825,0.55425,0.68465,0.51702,0.40089,substandard
paracetamol_500mg,original_0702,0.31909,0.41223,0.68357,0.71782,0.45579,0.37681,original
paracetamol_500mg,different_0384,0.28565,0.39655,0.7148,0.78424,0.5597,0.49327,different
paracetamol_500mg,substandard_0795,0.29852,0.43092,0.5526,0.65438,0.50568,0.38602,substandard
paracetamol_500mg,original_0519,0.30513,0.4322,0.59902,0.75233,0.50941,0.4106,original
paracetamol_500mg,substandard_0757,0.34653,0.49592,0.59159,0.71494,0.56192,0.41609,substandard
paracetamol_500mg,original_0423,0.27392,0.41102,0.62355,0.699,0.44251,0.35978,original
paracetamol_500mg,different_0851,0.23887,0.3668,0.67807,0.79198,0.57734,0.48208,different
paracetamol_500mg,substandard_0903,0.32779,0.49283,0.56298,0.68332,0.53792,0.37949,substandard
paracetamol_500mg,different_0197,0.32176,0.34428,0.68782,0.77971,0.60443,0.5586,different
paracetamol_500mg,different_0434,0.26456,0.37263,0.6727,0.80714,0.60758,0.54478,different
paracetamol_500mg,original_0501,0.30908,0.42151,0.59751,0.68971,0.50118,0.38578,original
paracetamol_500mg,substandard_0379,0.34127,0.48159,0.59941,0.71396,0.51423,0.49093,substandard
paracetamol_500mg,substandard_0851,0.34541,0.44983,0.5552,0.67675,0.512,0.42923,substandard
paracetamol_500mg,original_0493,0.30555,0.42103,0.58047,0.7259,0.44778,0.34971,original
paracetamol_500mg,different_0593,0.309,0.38004,0.63611,0.75802,0.59708,0.48438,different
paracetamol_500mg,different_0649,0.2654,0.30847,0.66145,0.73143,0.52437,0.46949,different
paracetamol_500mg,different_0519,0.28894,0.33917,0.65664,0.7664,0.55909,0.50619,different
paracetamol_500mg,substandard_0387,0.33451,0.48197,0.57136,0.70864,0.54414,0.45556,substandard
paracetamol_500mg,different_0472,0.21954,0.35184,0.64619,0.75102,0.56679,0.49455,different
paracetamol_500mg,different_0558,0.22827,0.37599,0.65774,0.78784,0.56328,0.47749,different
paracetamol_500mg,different_0178,0.272,0.36346,0.65255,0.78287,0.55655,0.41984,different
paracetamol_500mg,substandard_0391,0.33305,0.40964,0.55217,0.71135,0.47821,0.40582,substandard
paracetamol_500mg,different_0378,0.27023,0.39084,0.63784,0.78227,0.58813,0.4593,different
paracetamol_500mg,different_0365,0.27414,0.32934,0.68685,0.74152,0.58046,0.49196,different
paracetamol_500mg,substandard_0284,0.34299,0.43006,0.53918,0.68632,0.4959,0.43614,substandard
paracetamol_500mg,original_0099,0.25863,0.37562,0.62743,0.71511,0.46656,0.38347,original
paracetamol_500mg,original_0530,0.28351,0.3966,0.5725,0.74115,0.47677,0.36055,original
paracetamol_500mg,original_0532,0.34422,0.39867,0.61364,0.72803,0.49125,0.34018,original
paracetamol_500mg,different_0974,0.20686,0.32436,0.658,0.74365,0.54804,0.44811,different
paracetamol_500mg,different_0289,0.26955,0.40935,0.64756,0.76625,0.59895,0.4743,different
paracetamol_500mg,different_0783,0.27098,0.36073,0.68573,0.81303,0.62628,0.51637,different
paracetamol_500mg,substandard_0310,0.35544,0.42139,0.53196,0.6806,0.52155,0.42369,substandard
paracetamol_500mg,different_0820,0.26143,0.37399,0.66807,0.79646,0.58166,0.47271,different
paracetamol_500mg,substandard_0048,0.36313,0.46521,0.51967,0.67365,0.53948,0.39276,substandard
paracetamol_500mg,different_0843,0.3173,0.40776,0.74636,0.83811,0.6195,0.54322,different
paracetamol_500mg,different_0777,0.29706,0.35018,0.67171,0.73697,0.52257,0.51021,different
paracetamol_500mg,substandard_0327,0.33796,0.49433,0.6018,0.7364,0.54242,0.44504,substandard
paracetamol_500mg,substandard_0332,0.33907,0.47325,0.56688,0.71026,0.52883,0.41144,substandard
paracetamol_500mg,substandard_0136,0.34615,0.49533,0.5943,0.74009,0.54181,0.43796,substandard
paracetamol_500mg,different_0134,0.27462,0.36895,0.66678,0.75691,0.55412,0.48284,different
paracetamol_500mg,different_0267,0.31187,0.38873,0.67893,0.80454,0.62182,0.51631,different
paracetamol_500mg,different_0069,0.26684,0.34609,0.68993,0.75604,0.59018,0.50595,different
paracetamol_500mg,substandard_0004,0.35474,0.48542,0.57952,0.70743,0.49137,0.43563,substandard
paracetamol_500mg,different_0916,0.30327,0.42512,0.68894,0.7843,0.62708,0.51968,different
paracetamol_500mg,original_0605,0.28242,0.41746,0.62245,0.72013,0.45936,0.36849,original
paracetamol_500mg,original_0583,0.33241,0.45245,0.64502,0.71431,0.49241,0.40681,original
paracetamol_500mg,different_0670,0.28882,0.3769,0.70725,0.7841,0.59047,0.49416,different
paracetamol_500mg,original_0261,0.29048,0.42467,0.59509,0.73906,0.48438,0.39879,original
paracetamol_500mg,original_0851,0.27534,0.39824,0.59307,0.70513,0.48814,0.39997,original
paracetamol_500mg,substandard_0037,0.34841,0.4474,0.5503,0.68648,0.48886,0.43108,substandard
paracetamol_500mg,different_0954,0.25437,0.33558,0.68383,0.80126,0.55121,0.52112,different
paracetamol_500mg,substandard_0779,0.32799,0.39905,0.55332,0.69459,0.48635,0.41832,substandard
paracetamol_500mg,substandard_0443,0.31258,0.45571,0.58529,0.68019,0.55305,0.41341,substandard
paracetamol_500mg,original_0038,0.32915,0.44179,0.66953,0.71501,0.49349,0.4051,original
paracetamol_500mg,original_0917,0.35087,0.44253,0.62082,0.78093,0.48524,0.38575,original
paracetamol_500mg,substandard_0438,0.31909,0.47634,0.54102,0.69782,0.49897,0.43296,substandard
paracetamol_500mg,different_0814,0.24177,0.3226,0.6689,0.80637,0.53655,0.49097,different
paracetamol_500mg,substandard_0411,0.35937,0.45396,0.58308,0.71209,0.53048,0.40906,substandard
paracetamol_500mg,different_0400,0.24584,0.37098,0.68923,0.7869,0.54166,0.41527,different
paracetamol_500mg,original_0598,0.30868,0.36946,0.63589,0.70116,0.46693,0.36975,original
paracetamol_500mg,different_0097,0.288,0.38329,0.63413,0.79178,0.57009,0.49714,different
paracetamol_500mg,original_0486,0.3383,0.43944,0.65663,0.72467,0.4725,0.39041,original
paracetamol_500mg,different_0174,0.20115,0.35735,0.65015,0.75349,0.54112,0.46726,different
paracetamol_500mg,original_0977,0.27066,0.36238,0.5971,0.7055,0.45455,0.37866,original
paracetamol_500mg,different_0559,0.23752,0.33877,0.64577,0.76868,0.50516,0.49276,different
paracetamol_500mg,substandard_0941,0.35154,0.48158,0.60755,0.73214,0.57175,0.44466,substandard
paracetamol_500mg,substandard_0322,0.35159,0.45295,0.57097,0.73744,0.50205,0.44158,substandard
paracetamol_500mg,different_0934,0.27137,0.35381,0.64839,0.76086,0.52359,0.48835,different
paracetamol_500mg,substandard_0479,0.32404,0.43791,0.55737,0.71006,0.52745,0.42044,substandard
paracetamol_500mg,different_0398,0.27668,0.4076,0.69689,0.77181,0.54925,0.47147,different
paracetamol_500mg,different_0475,0.28873,0.40066,0.6639,0.79814,0.58215,0.49239,different
paracetamol_500mg,different_0002,0.28155,0.32068,0.61751,0.73364,0.49931,0.44263,different
paracetamol_500mg,different_0940,0.25174,0.37224,0.68031,0.7904,0.55813,0.46677,different
paracetamol_500mg,substandard_0926,0.29323,0.45654,0.5208,0.66714,0.47935,0.44211,substandard
paracetamol_500mg,substandard_0175,0.36767,0.41766,0.59501,0.66016,0.49108,0.44481,substandard
paracetamol_500mg,original_0961,0.33315,0.40995,0.61676,0.77034,0.44576,0.41195,original
paracetamol_500mg,original_0123,0.3051,0.44737,0.61788,0.72321,0.46925,0.36169,original
paracetamol_500mg,original_0112,0.27449,0.42847,0.59546,0.69555,0.47064,0.41452,original
paracetamol_500mg,substandard_0366,0.34277,0.46129,0.56439,0.73,0.5304,0.46495,substandard
paracetamol_500mg,different_0264,0.30264,0.33962,0.68799,0.7685,0.53139,0.48383,different
paracetamol_500mg,original_0176,0.34298,0.44684,0.59349,0.72667,0.4763,0.43237,original
paracetamol_500mg,different_0226,0.29797,0.36946,0.68169,0.81718,0.58483,0.47152,different
paracetamol_500mg,different_0133,0.28407,0.41062,0.68134,0.81234,0.59385,0.51001,different
paracetamol_500mg,original_0387,0.32177,0.42102,0.59086,0.73529,0.50774,0.40673,original
paracetamol_500mg,substandard_0018,0.3398,0.45974,0.58219,0.68386,0.54074,0.43095,substandard
paracetamol_500mg,substandard_0454,0.36981,0.51676,0.60921,0.73179,0.51338,0.42042,substandard
paracetamol_500mg,substandard_0768,0.33427,0.4734,0.60115,0.70522,0.55563,0.43866,substandard
paracetamol_500mg,substandard_0509,0.35267,0.46465,0.55118,0.72236,0.5582,0.43504,substandard
paracetamol_500mg,different_0789,0.2771,0.3848,0.65044,0.79798,0.5896,0.50466,different
paracetamol_500mg,original_0065,0.30468,0.43652,0.59741,0.67945,0.45523,0.32729,original
paracetamol_500mg,substandard_0517,0.34939,0.4813,0.55186,0.71873,0.53514,0.43576,substandard
paracetamol_500mg,substandard_0887,0.34544,0.48248,0.54211,0.70434,0.54441,0.4005,substandard
paracetamol_500mg,substandard_0905,0.36529,0.48704,0.57735,0.69478,0.56032,0.44767,substandard
paracetamol_500mg,substandard_0074,0.33358,0.43638,0.58186,0.60746,0.51461,0.44849,substandard
paracetamol_500mg,substandard_0781,0.3474,0.44983,0.57931,0.6925,0.53441,0.44631,substandard
paracetamol_500mg,substandard_0595,0.31723,0.35298,0.51147,0.64948,0.45895,0.43329,substandard
paracetamol_500mg,original_0914,0.30697,0.4379,0.59992,0.70902,0.42847,0.38102,original
paracetamol_500mg,original_0256,0.28947,0.40853,0.60548,0.77086,0.50328,0.4182,original
paracetamol_500mg,different_0960,0.26799,0.34591,0.65591,0.75945,0.5675,0.5118,different
paracetamol_500mg,original_0235,0.30572,0.41169,0.62545,0.7654,0.46017,0.41666,original
paracetamol_500mg,original_0986,0.30517,0.36741,0.59331,0.69584,0.45117,0.30643,original
paracetamol_500mg,substandard_0023,0.3424,0.46601,0.53085,0.64981,0.50039,0.40884,substandard
paracetamol_500mg,different_0893,0.27009,0.35621,0.66973,0.80164,0.56543,0.48634,different
paracetamol_500mg,substandard_0264,0.34172,0.45209,0.55524,0.68087,0.55759,0.43343,substandard
paracetamol_500mg,original_0875,0.30429,0.41063,0.63934,0.78221,0.50329,0.36949,original
paracetamol_500mg,original_0649,0.30991,0.41403,0.54425,0.73349,0.44928,0.36527,original
paracetamol_500mg,original_0732,0.30126,0.40231,0.59385,0.71801,0.43539,0.40352,original
paracetamol_500mg,different_0438,0.28057,0.37593,0.6728,0.74657,0.53112,0.45873,different
paracetamol_500mg,original_0321,0.27334,0.39344,0.59186,0.71258,0.46708,0.35417,original
paracetamol_500mg,different_0219,0.32939,0.41588,0.67078,0.76474,0.57984,0.48871,different
paracetamol_500mg,original_0399,0.30762,0.45859,0.62116,0.71905,0.51137,0.39137,original
paracetamol_500mg,original_0738,0.30038,0.41395,0.60077,0.73243,0.47731,0.38625,original
paracetamol_500mg,substandard_0904,0.32893,0.45292,0.5241,0.69355,0.46087,0.40322,substandard
paracetamol_500mg,original_0742,0.31517,0.40456,0.61684,0.72881,0.49802,0.39392,original
paracetamol_500mg,different_0627,0.23055,0.35459,0.68259,0.76998,0.52343,0.49386,different
paracetamol_500mg,original_0412,0.3232,0.46686,0.65072,0.73849,0.49673,0.37889,original
paracetamol_500mg,different_0305,0.25643,0.33564,0.65339,0.75974,0.56613,0.49854,different
paracetamol_500mg,substandard_0938,0.28895,0.43253,0.58797,0.69081,0.55857,0.45331,substandard
paracetamol_500mg,substandard_0947,0.32659,0.47827,0.53329,0.68328,0.48082,0.4197,substandard
paracetamol_500mg,original_0062,0.34793,0.45439,0.66918,0.76401,0.455,0.41309,original
paracetamol_500mg,substandard_0601,0.3537,0.44165,0.55329,0.701,0.54832,0.44883,substandard
paracetamol_500mg,substandard_0886,0.33788,0.47382,0.58313,0.69718,0.5353,0.43639,substandard
paracetamol_500mg,substandard_0727,0.30036,0.43269,0.54955,0.65862,0.50593,0.40992,substandard
paracetamol_500mg,different_0756,0.24957,0.36196,0.66718,0.73596,0.51881,0.49797,different
paracetamol_500mg,substandard_0404,0.31935,0.46992,0.57482,0.694,0.51008,0.42676,substandard
paracetamol_500mg,different_0888,0.21391,0.3379,0.62335,0.71399,0.55069,0.44743,different
paracetamol_500mg,different_0244,0.2694,0.38152,0.67969,0.78498,0.55274,0.48442,different
paracetamol_500mg,original_0741,0.31585,0.40806,0.59755,0.69734,0.47236,0.39114,original
paracetamol_500mg,original_0125,0.3366,0.40093,0.63507,0.75107,0.50473,0.41009,original
paracetamol_500mg,substandard_0511,0.34107,0.46639,0.56986,0.67508,0.53301,0.42358,substandard
paracetamol_500mg,substandard_0686,0.32133,0.43864,0.54868,0.67485,0.49846,0.40435,substandard
paracetamol_500mg,different_0279,0.28042,0.4165,0.67766,0.74517,0.56386,0.48377,different
paracetamol_500mg,substandard_0967,0.3174,0.45746,0.57726,0.66061,0.47063,0.40363,substandard
paracetamol_500mg,original_0466,0.26413,0.38699,0.58023,0.72579,0.50211,0.33314,original
paracetamol_500mg,different_0628,0.27278,0.38308,0.68885,0.747,0.58947,0.50335,different
paracetamol_500mg,substandard_0893,0.34915,0.48663,0.58792,0.70392,0.55445,0.44492,substandard
paracetamol_500mg,different_0810,0.27631,0.35647,0.66051,0.76247,0.56472,0.48139,different
paracetamol_500mg,substandard_0398,0.34315,0.45197,0.5921,0.71728,0.51173,0.41153,substandard
paracetamol_500mg,substandard_0774,0.33154,0.50728,0.57982,0.73218,0.51535,0.39599,substandard
paracetamol_500mg,substandard_0923,0.33312,0.45819,0.533,0.67784,0.46187,0.40437,substandard
paracetamol_500mg,substandard_0764,0.33009,0.44437,0.56413,0.69919,0.50894,0.43233,substandard
paracetamol_500mg,different_0982,0.24743,0.33208,0.69638,0.73963,0.58346,0.48526,different
paracetamol_500mg,different_0759,0.28964,0.33347,0.6342,0.72728,0.547,0.48897,different
paracetamol_500mg,different_0421,0.275,0.37073,0.67611,0.7532,0.59024,0.48138,different
paracetamol_500mg,different_0569,0.26921,0.39515,0.67448,0.79123,0.6,0.48598,different
paracetamol_500mg,original_0222,0.31341,0.46102,0.58574,0.70383,0.50085,0.41457,original
paracetamol_500mg,substandard_0942,0.41835,0.53192,0.58824,0.7422,0.5624,0.4672,substandard
paracetamol_500mg,substandard_0099,0.36941,0.52548,0.59578,0.73232,0.53586,0.43107,substandard
paracetamol_500mg,substandard_0277,0.34163,0.45063,0.53047,0.66698,0.46772,0.41375,substandard
paracetamol_500mg,original_0504,0.31467,0.41199,0.61049,0.72641,0.45874,0.38925,original
paracetamol_500mg,different_0764,0.24796,0.35313,0.6591,0.77635,0.55642,0.4997,different
paracetamol_500mg,different_0872,0.29207,0.34222,0.67255,0.81246,0.59384,0.48632,different
paracetamol_500mg,substandard_0122,0.37722,0.44164,0.57912,0.68901,0.56209,0.41924,substandard
paracetamol_500mg,substandard_0220,0.34826,0.51673,0.58574,0.71522,0.47313,0.44238,substandard
paracetamol_500mg,substandard_0216,0.31779,0.44326,0.53225,0.6562,0.48352,0.37517,substandard
paracetamol_500mg,original_0813,0.34481,0.45655,0.63361,0.76751,0.49582,0.39327,original
paracetamol_500mg,original_0295,0.29947,0.43953,0.62427,0.72167,0.52414,0.38097,original
paracetamol_500mg,original_0913,0.27035,0.37949,0.60581,0.70845,0.4445,0.36416,original
paracetamol_500mg,substandard_0369,0.37411,0.44641,0.56892,0.64678,0.53331,0.45902,substandard
paracetamol_500mg,original_0148,0.32267,0.39365,0.66352,0.70286,0.45449,0.3763,original
paracetamol_500mg,different_0704,0.27469,0.36584,0.67442,0.74013,0.55018,0.46346,different
paracetamol_500mg,substandard_0012,0.34359,0.50117,0.55492,0.68726,0.47256,0.44237,substandard
paracetamol_500mg,different_0382,0.22115,0.32648,0.66529,0.7167,0.59879,0.41605,different
paracetamol_500mg,different_0191,0.25102,0.36793,0.6796,0.77364,0.56219,0.50435,different
paracetamol_500mg,original_0262,0.27043,0.41767,0.6076,0.73776,0.4731,0.34398,original
paracetamol_500mg,substandard_0341,0.37839,0.48771,0.58442,0.70839,0.5297,0.44595,substandard
paracetamol_500mg,original_0425,0.29619,0.42599,0.58438,0.7266,0.44102,0.376,original
paracetamol_500mg,substandard_0098,0.3344,0.47209,0.58001,0.70165,0.53807,0.4225,substandard
paracetamol_500mg,different_0050,0.23106,0.37968,0.66435,0.7848,0.54982,0.46542,different
paracetamol_500mg,different_0147,0.26677,0.41559,0.67139,0.78252,0.59529,0.51874,different
paracetamol_500mg,substandard_0316,0.35304,0.46822,0.57754,0.68977,0.52603,0.43723,substandard
paracetamol_500mg,substandard_0397,0.37868,0.4512,0.57916,0.69958,0.52429,0.44984,substandard
paracetamol_500mg,substandard_0399,0.33854,0.50356,0.58301,0.70625,0.48977,0.4703,substandard
paracetamol_500mg,original_0420,0.26752,0.33417,0.56911,0.70567,0.43143,0.37642,original
paracetamol_500mg,original_0257,0.32102,0.42377,0.62008,0.72711,0.46572,0.41531,original
paracetamol_500mg,substandard_0299,0.39627,0.51487,0.66728,0.70334,0.59782,0.45044,substandard
paracetamol_500mg,original_0911,0.28145,0.43885,0.61494,0.72545,0.45644,0.4165,original
paracetamol_500mg,substandard_0891,0.33834,0.47764,0.58366,0.72044,0.5389,0.4281,substandard
paracetamol_500mg,substandard_0849,0.36485,0.45269,0.52344,0.66038,0.50714,0.39403,substandard
paracetamol_500mg,substandard_0436,0.33843,0.45841,0.57607,0.64839,0.51306,0.38686,substandard
paracetamol_500mg,different_0626,0.24714,0.36936,0.67146,0.79937,0.50755,0.45451,different
paracetamol_500mg,original_0689,0.34291,0.44443,0.63996,0.76841,0.45238,0.38342,original
paracetamol_500mg,original_0244,0.35876,0.41621,0.6127,0.7022,0.43415,0.40807,original
paracetamol_500mg,original_0786,0.35472,0.44262,0.61427,0.73742,0.47572,0.39713,original
paracetamol_500mg,different_0453,0.21363,0.38047,0.67663,0.77455,0.55306,0.44921,different
paracetamol_500mg,substandard_0772,0.35091,0.4687,0.60737,0.67314,0.46786,0.41278,substandard
paracetamol_500mg,substandard_0195,0.36853,0.44365,0.56072,0.70474,0.47064,0.46878,substandard
paracetamol_500mg,different_0406,0.28315,0.37275,0.62125,0.76006,0.53165,0.44437,different
paracetamol_500mg,different_0611,0.22599,0.3556,0.65717,0.73854,0.53076,0.44329,different
paracetamol_500mg,original_0878,0.296,0.44254,0.61342,0.7507,0.51014,0.40131,original
paracetamol_500mg,substandard_0828,0.34864,0.44693,0.54821,0.6659,0.48849,0.44353,substandard
paracetamol_500mg,original_0074,0.25313,0.41036,0.60673,0.75376,0.46753,0.38078,original
paracetamol_500mg,original_0193,0.29957,0.39972,0.56546,0.6996,0.45606,0.3236,original
paracetamol_500mg,different_0915,0.28182,0.4069,0.69326,0.81092,0.58505,0.51314,different
paracetamol_500mg,original_0922,0.30713,0.39792,0.61377,0.70197,0.50193,0.37658,original
paracetamol_500mg,substandard_0668,0.38775,0.48086,0.57609,0.66163,0.58279,0.45001,substandard
paracetamol_500mg,different_0769,0.29438,0.35862,0.67993,0.79284,0.6072,0.49209,different
paracetamol_500mg,original_0616,0.30211,0.4306,0.62394,0.71669,0.45537,0.39453,original
paracetamol_500mg,different_0652,0.2641,0.33281,0.63434,0.72264,0.57469,0.45434,different
paracetamol_500mg,substandard_0575,0.37541,0.47364,0.57281,0.69413,0.49755,0.42696,substandard
paracetamol_500mg,different_0854,0.2325,0.33737,0.69773,0.78238,0.54498,0.44401,different
paracetamol_500mg,different_0790,0.29063,0.39021,0.66814,0.78239,0.54063,0.52374,different
paracetamol_500mg,different_0722,0.28153,0.3717,0.69773,0.79857,0.56616,0.51742,different
paracetamol_500mg,substandard_0230,0.27164,0.424,0.54667,0.68205,0.47683,0.33534,substandard
paracetamol_500mg,different_0568,0.26096,0.40831,0.65934,0.75447,0.5458,0.48338,different
paracetamol_500mg,substandard_0117,0.30194,0.46068,0.53601,0.67267,0.51136,0.45332,substandard
paracetamol_500mg,different_0030,0.25475,0.37574,0.62297,0.76926,0.51458,0.47563,different
paracetamol_500mg,different_0146,0.26262,0.30768,0.62143,0.77605,0.5293,0.42826,different
paracetamol_500mg,substandard_0537,0.36367,0.49895,0.5822,0.70668,0.51438,0.45301,substandard
paracetamol_500mg,different_0657,0.26766,0.32967,0.62525,0.74377,0.5596,0.4963,different
paracetamol_500mg,original_0131,0.31581,0.40013,0.61208,0.70565,0.50169,0.36224,original
paracetamol_500mg,original_0916,0.33587,0.43242,0.60587,0.74524,0.51232,0.38349,original
paracetamol_500mg,different_0013,0.25356,0.36046,0.64609,0.74399,0.5662,0.4833,different
paracetamol_500mg,substandard_0289,0.34452,0.46753,0.60136,0.72769,0.48644,0.45703,substandard
paracetamol_500mg,substandard_0612,0.33651,0.43145,0.56431,0.70488,0.52993,0.46462,substandard
paracetamol_500mg,substandard_0767,0.31929,0.4403,0.56028,0.68119,0.49018,0.40788,substandard
paracetamol_500mg,substandard_0477,0.30915,0.4594,0.55833,0.65149,0.51497,0.40088,substandard
paracetamol_500mg,original_0149,0.26957,0.39039,0.60263,0.69823,0.46821,0.39517,original
paracetamol_500mg,substandard_0981,0.36513,0.47795,0.58015,0.73283,0.49065,0.39562,substandard
paracetamol_500mg,original_0203,0.29237,0.42323,0.56379,0.71382,0.49336,0.38848,original
paracetamol_500mg,different_0187,0.28069,0.35126,0.70519,0.77693,0.58249,0.45238,different
paracetamol_500mg,different_0286,0.26371,0.35497,0.6729,0.78486,0.55079,0.47326,different
paracetamol_500mg,different_0417,0.27502,0.38609,0.63531,0.73767,0.57524,0.47546,different
paracetamol_500mg,original_0941,0.29669,0.39191,0.59858,0.76421,0.45604,0.37152,original
paracetamol_500mg,original_0985,0.34137,0.4726,0.63861,0.74988,0.50973,0.39951,original
paracetamol_500mg,original_0829,0.30215,0.40771,0.66379,0.75578,0.48003,0.37703,original
paracetamol_500mg,original_0384,0.32239,0.45854,0.61911,0.73644,0.52817,0.35832,original
paracetamol_500mg,substandard_0252,0.32125,0.43425,0.5461,0.63595,0.5275,0.35691,substandard
paracetamol_500mg,original_0769,0.25788,0.44672,0.61889,0.72075,0.49947,0.37606,original
paracetamol_500mg,different_0972,0.26315,0.39432,0.66401,0.74614,0.60766,0.45558,different
paracetamol_500mg,substandard_0864,0.31454,0.47068,0.5403,0.68201,0.52298,0.41325,substandard
paracetamol_500mg,substandard_0881,0.34191,0.46967,0.57013,0.70131,0.49507,0.43434,substandard
paracetamol_500mg,different_0529,0.24338,0.4377,0.64827,0.73646,0.60896,0.47966,different
paracetamol_500mg,substandard_0273,0.33901,0.48842,0.59158,0.71358,0.50959,0.48334,substandard
paracetamol_500mg,substandard_0082,0.32907,0.41784,0.55444,0.67295,0.53287,0.39165,substandard
paracetamol_500mg,original_0033,0.31148,0.4758,0.59541,0.71468,0.44787,0.37429,original
paracetamol_500mg,substandard_0482,0.32418,0.47253,0.5727,0.74105,0.57076,0.45846,substandard
paracetamol_500mg,substandard_0022,0.31468,0.47573,0.56725,0.6812,0.4637,0.3938,substandard
paracetamol_500mg,substandard_0908,0.33577,0.47506,0.5518,0.69316,0.50399,0.42225,substandard
paracetamol_500mg,substandard_0080,0.31924,0.44746,0.56507,0.67122,0.52444,0.44209,substandard
paracetamol_500mg,different_0948,0.26468,0.42247,0.66856,0.77115,0.54082,0.45647,different
paracetamol_500mg,substandard_0061,0.3441,0.50927,0.57601,0.73447,0.52433,0.45611,substandard
paracetamol_500mg,substandard_0797,0.29975,0.44001,0.49759,0.64866,0.5182,0.43048,substandard
paracetamol_500mg,substandard_0516,0.33125,0.46016,0.56142,0.67115,0.4941,0.43507,substandard
paracetamol_500mg,substandard_0738,0.38264,0.49753,0.59854,0.69434,0.52962,0.46535,substandard
paracetamol_500mg,substandard_0199,0.38909,0.4873,0.61964,0.7106,0.55378,0.49792,substandard
paracetamol_500mg,different_0169,0.28736,0.38824,0.68426,0.76724,0.55694,0.47225,different
paracetamol_500mg,different_0524,0.23601,0.38343,0.628,0.76034,0.55364,0.47468,different
paracetamol_500mg,substandard_0565,0.36566,0.4598,0.56896,0.68804,0.49693,0.39093,substandard
paracetamol_500mg,original_0410,0.29734,0.39909,0.58867,0.73777,0.44597,0.34614,original
paracetamol_500mg,different_0929,0.26629,0.33905,0.66589,0.73411,0.54931,0.49314,different
paracetamol_500mg,substandard_0920,0.34453,0.4498,0.57942,0.68683,0.50231,0.43578,substandard
paracetamol_500mg,different_0902,0.25419,0.31149,0.65722,0.79907,0.53468,0.45373,different
paracetamol_500mg,original_0593,0.33234,0.42336,0.63236,0.73211,0.4811,0.40821,original
paracetamol_500mg,substandard_0596,0.35558,0.50707,0.61122,0.70145,0.55705,0.43078,substandard
paracetamol_500mg,substandard_0421,0.35831,0.49059,0.60391,0.72014,0.53196,0.47136,substandard
paracetamol_500mg,different_0729,0.31713,0.39875,0.72729,0.8109,0.62044,0.49808,different
paracetamol_500mg,original_0863,0.29746,0.45442,0.5678,0.72709,0.44159,0.41119,original
paracetamol_500mg,substandard_0156,0.31524,0.46629,0.5407,0.65625,0.51201,0.41469,substandard
paracetamol_500mg,different_0660,0.2468,0.33002,0.71581,0.79025,0.56282,0.49275,different
paracetamol_500mg,different_0407,0.26527,0.41141,0.65635,0.74474,0.59438,0.45967,different
paracetamol_500mg,substandard_0275,0.30461,0.45856,0.57982,0.73011,0.53014,0.43323,substandard
paracetamol_500mg,substandard_0057,0.36257,0.50099,0.58941,0.74123,0.54497,0.45198,substandard
paracetamol_500mg,different_0081,0.28313,0.41474,0.69652,0.8044,0.58595,0.5035,different
paracetamol_500mg,substandard_0362,0.36013,0.47694,0.6005,0.71771,0.52745,0.40782,substandard
paracetamol_500mg,original_0539,0.33044,0.44404,0.59109,0.69617,0.51686,0.371,original
paracetamol_500mg,original_0752,0.2995,0.38986,0.61333,0.70729,0.46714,0.39021,original
paracetamol_500mg,substandard_0259,0.28046,0.49913,0.58273,0.67768,0.48509,0.39162,substandard
paracetamol_500mg,different_0072,0.29521,0.33863,0.67871,0.80015,0.56346,0.5237,different
paracetamol_500mg,substandard_0449,0.35117,0.44779,0.53468,0.70459,0.48935,0.38292,substandard
paracetamol_500mg,original_0415,0.31324,0.39296,0.60453,0.69398,0.46662,0.38543,original
paracetamol_500mg,different_0349,0.26557,0.36694,0.7255,0.78838,0.58571,0.5015,different
paracetamol_500mg,substandard_0280,0.37364,0.46482,0.57775,0.69482,0.57136,0.49995,substandard
paracetamol_500mg,original_0278,0.3014,0.44464,0.57992,0.70964,0.45409,0.3599,original
paracetamol_500mg,original_0238,0.32502,0.44112,0.64817,0.75526,0.50711,0.39907,original
paracetamol_500mg,substandard_0268,0.31456,0.46941,0.54702,0.68279,0.52004,0.47202,substandard
paracetamol_500mg,different_0785,0.25461,0.36163,0.68052,0.72984,0.56672,0.4616,different
paracetamol_500mg,original_0294,0.29915,0.44338,0.59063,0.74462,0.49981,0.44056,original
paracetamol_500mg,original_0994,0.32202,0.40637,0.63843,0.70256,0.47146,0.40904,original
paracetamol_500mg,substandard_0092,0.34596,0.48387,0.56382,0.6864,0.55907,0.48671,substandard
paracetamol_500mg,original_0560,0.30017,0.36953,0.61033,0.70195,0.46043,0.33913,original
paracetamol_500mg,original_0039,0.29385,0.41799,0.63877,0.70062,0.48682,0.37678,original
paracetamol_500mg,substandard_0427,0.38032,0.4668,0.61005,0.75408,0.55783,0.46202,substandard
paracetamol_500mg,different_0022,0.26446,0.32594,0.65805,0.79196,0.5891,0.48042,different
paracetamol_500mg,different_0925,0.28717,0.31769,0.63576,0.7513,0.58532,0.48961,different
paracetamol_500mg,substandard_0510,0.35542,0.46552,0.5864,0.73926,0.54205,0.42857,substandard
paracetamol_500mg,original_0312,0.34599,0.40977,0.60803,0.6864,0.48698,0.44827,original
paracetamol_500mg,original_0661,0.30162,0.35412,0.58537,0.71791,0.49874,0.34917,original
paracetamol_500mg,different_0547,0.26458,0.3454,0.63654,0.7419,0.52649,0.48066,different
paracetamol_500mg,substandard_0011,0.33837,0.4414,0.55027,0.69355,0.50945,0.46443,substandard
paracetamol_500mg,different_0752,0.28432,0.39956,0.65324,0.75116,0.58765,0.53841,different
paracetamol_500mg,different_0347,0.28794,0.36296,0.66368,0.7764,0.54507,0.47706,different
paracetamol_500mg,different_0420,0.30869,0.36909,0.70829,0.78836,0.55996,0.48687,different
paracetamol_500mg,substandard_0631,0.35724,0.47099,0.56637,0.72358,0.53399,0.44672,substandard
paracetamol_500mg,original_0102,0.28103,0.42487,0.59255,0.70731,0.48059,0.38754,original
paracetamol_500mg,different_0414,0.26363,0.38575,0.67358,0.76234,0.56251,0.48027,different
paracetamol_500mg,original_0578,0.29999,0.42565,0.59853,0.73366,0.48208,0.41294,original
paracetamol_500mg,different_0261,0.26817,0.36937,0.62444,0.79307,0.58802,0.49471,different
paracetamol_500mg,original_0094,0.24115,0.39755,0.58399,0.71931,0.46157,0.37485,original
paracetamol_500mg,substandard_0228,0.32567,0.45777,0.56449,0.6848,0.47821,0.40429,substandard
paracetamol_500mg,original_0214,0.30043,0.40983,0.57953,0.69969,0.47588,0.3693,original
paracetamol_500mg,substandard_0936,0.39142,0.46418,0.56653,0.6991,0.52582,0.46744,substandard
paracetamol_500mg,substandard_0888,0.33982,0.47983,0.53714,0.68721,0.54794,0.4278,substandard
paracetamol_500mg,original_0840,0.30889,0.41037,0.60375,0.69446,0.49494,0.3881,original
paracetamol_500mg,original_0156,0.32114,0.44968,0.68228,0.79042,0.53024,0.38991,original
paracetamol_500mg,different_0182,0.24405,0.38344,0.69078,0.76314,0.55921,0.46225,different
paracetamol_500mg,substandard_0171,0.34214,0.47288,0.58864,0.68334,0.48841,0.45243,substandard
paracetamol_500mg,original_0474,0.34158,0.42899,0.6091,0.71543,0.47889,0.38942,original
paracetamol_500mg,substandard_0948,0.32213,0.45869,0.5958,0.7031,0.49639,0.46252,substandard
paracetamol_500mg,different_0512,0.29486,0.39099,0.68453,0.7731,0.57755,0.46847,different
paracetamol_500mg,substandard_0536,0.35413,0.47126,0.57367,0.70906,0.54841,0.4108,substandard
paracetamol_500mg,original_0230,0.32819,0.47318,0.63155,0.75557,0.52444,0.40489,original
paracetamol_500mg,different_0254,0.27599,0.39247,0.69102,0.83423,0.59318,0.4926,different
paracetamol_500mg,different_0425,0.27172,0.32526,0.62992,0.75438,0.56152,0.45457,different
paracetamol_500mg,original_0549,0.30066,0.44646,0.57025,0.75425,0.4723,0.40944,original
paracetamol_500mg,different_0971,0.26213,0.34782,0.59643,0.78546,0.5446,0.4446,different
paracetamol_500mg,different_0835,0.28441,0.35069,0.6633,0.75481,0.55506,0.48786,different
paracetamol_500mg,substandard_0576,0.3578,0.45514,0.58939,0.69861,0.53756,0.45645,substandard
paracetamol_500mg,different_0012,0.28415,0.34408,0.69064,0.74438,0.57931,0.4959,different
paracetamol_500mg,original_0407,0.30056,0.40478,0.59901,0.70348,0.45209,0.39064,original
paracetamol_500mg,different_0962,0.31386,0.39265,0.66339,0.80756,0.61894,0.50315,different
paracetamol_500mg,substandard_0385,0.35627,0.5065,0.55437,0.68539,0.5067,0.471,substandard
paracetamol_500mg,substandard_0744,0.36026,0.46768,0.54969,0.68035,0.53823,0.42109,substandard
paracetamol_500mg,different_0410,0.32318,0.42314,0.71195,0.7551,0.59165,0.47501,different
paracetamol_500mg,different_0698,0.26495,0.38019,0.69161,0.79724,0.54246,0.50377,different
paracetamol_500mg,original_0053,0.27438,0.40233,0.57921,0.73557,0.45653,0.38573,original
paracetamol_500mg,substandard_0135,0.29868,0.44158,0.54613,0.65414,0.48777,0.42444,substandard
paracetamol_500mg,substandard_0697,0.37356,0.48274,0.56885,0.71197,0.56766,0.47831,substandard
paracetamol_500mg,original_0517,0.31425,0.42565,0.6235,0.72178,0.51398,0.43034,original
paracetamol_500mg,different_0445,0.28355,0.44008,0.70322,0.76514,0.53788,0.49182,different
paracetamol_500mg,different_0117,0.27194,0.39915,0.62628,0.79617,0.52497,0.45978,different
paracetamol_500mg,substandard_0691,0.30784,0.45289,0.57977,0.69595,0.49608,0.42343,substandard
paracetamol_500mg,substandard_0775,0.32742,0.41685,0.56094,0.69925,0.47997,0.41404,substandard
paracetamol_500mg,substandard_0989,0.29957,0.45609,0.54028,0.62916,0.50892,0.3373,substandard
paracetamol_500mg,different_0291,0.27126,0.3846,0.64269,0.78146,0.57946,0.45593,different
paracetamol_500mg,original_0801,0.32701,0.42996,0.63767,0.71862,0.46739,0.3747,original
paracetamol_500mg,substandard_0290,0.32729,0.43928,0.56115,0.66072,0.49601,0.39967,substandard
paracetamol_500mg,original_0586,0.31676,0.42242,0.59442,0.72672,0.4637,0.40655,original
paracetamol_500mg,substandard_0604,0.35658,0.47319,0.55572,0.71308,0.5327,0.40438,substandard
paracetamol_500mg,substandard_0752,0.35576,0.47322,0.61396,0.70114,0.50338,0.42436,substandard
paracetamol_500mg,different_0196,0.28224,0.37961,0.70643,0.76786,0.54996,0.50144,different
paracetamol_500mg,original_0559,0.32223,0.43765,0.59821,0.7292,0.50831,0.39287,original
paracetamol_500mg,different_0145,0.2555,0.34202,0.65132,0.75537,0.5624,0.46769,different
paracetamol_500mg,different_0330,0.25777,0.37086,0.64939,0.76771,0.56757,0.49164,different
paracetamol_500mg,original_0432,0.31719,0.42831,0.59209,0.71664,0.47494,0.38578,original
paracetamol_500mg,original_0572,0.34006,0.43924,0.5958,0.7497,0.48621,0.41905,original
paracetamol_500mg,different_0549,0.2706,0.35154,0.65373,0.79292,0.58838,0.52027,different
paracetamol_500mg,substandard_0050,0.40357,0.49451,0.59552,0.72915,0.51689,0.41976,substandard
paracetamol_500mg,substandard_0806,0.34502,0.44487,0.51888,0.67898,0.49692,0.41989,substandard
paracetamol_500mg,different_0379,0.30915,0.32248,0.67237,0.75948,0.60032,0.50286,different
paracetamol_500mg,substandard_0796,0.33423,0.46309,0.56451,0.71745,0.48269,0.38278,substandard
paracetamol_500mg,different_0557,0.3067,0.36471,0.66487,0.77929,0.54841,0.50358,different
paracetamol_500mg,original_0247,0.30094,0.4466,0.61188,0.70506,0.45535,0.44129,original
paracetamol_500mg,substandard_0474,0.35621,0.42457,0.57222,0.69882,0.52749,0.39566,substandard
paracetamol_500mg,original_0178,0.32406,0.4039,0.63766,0.71767,0.49608,0.39531,original
paracetamol_500mg,substandard_0530,0.37189,0.43816,0.58433,0.7248,0.53936,0.48695,substandard
paracetamol_500mg,original_0597,0.32061,0.44583,0.6583,0.76113,0.50789,0.37216,original
paracetamol_500mg,original_0806,0.35815,0.42303,0.64056,0.75684,0.47257,0.38864,original
paracetamol_500mg,different_0575,0.27469,0.34343,0.68282,0.7515,0.51694,0.44459,different
paracetamol_500mg,original_0979,0.3158,0.40997,0.58243,0.7295,0.47764,0.40104,original
paracetamol_500mg,original_0472,0.28512,0.41894,0.59194,0.70138,0.46183,0.36196,original
paracetamol_500mg,original_0376,0.24167,0.39616,0.61988,0.68498,0.44788,0.41413,original
paracetamol_500mg,original_0402,0.34886,0.43364,0.63468,0.74405,0.55868,0.45586,original
paracetamol_500mg,substandard_0897,0.36653,0.45953,0.59612,0.70021,0.53165,0.47348,substandard
paracetamol_500mg,different_0160,0.2859,0.37462,0.68577,0.77405,0.5778,0.50551,different
paracetamol_500mg,original_0045,0.33136,0.41275,0.61167,0.77918,0.51338,0.38892,original
paracetamol_500mg,original_0470,0.30201,0.37941,0.56564,0.74257,0.49363,0.36764,original
paracetamol_500mg,original_0585,0.30263,0.41469,0.60074,0.70676,0.46338,0.37892,original
paracetamol_500mg,different_0804,0.22802,0.34885,0.64688,0.75232,0.52942,0.45957,different
paracetamol_500mg,original_0091,0.34899,0.38079,0.60146,0.7303,0.50137,0.36343,original
paracetamol_500mg,different_0489,0.22705,0.30989,0.65089,0.78072,0.56593,0.44479,different
paracetamol_500mg,substandard_0382,0.35342,0.42738,0.50197,0.68847,0.53583,0.46803,substandard
paracetamol_500mg,substandard_0174,0.33839,0.43025,0.54666,0.69489,0.55641,0.40018,substandard
paracetamol_500mg,original_0208,0.30026,0.44278,0.62726,0.7673,0.49287,0.42709,original
paracetamol_500mg,different_0248,0.22962,0.41512,0.64632,0.79718,0.59396,0.48891,different
paracetamol_500mg,different_0325,0.24432,0.40001,0.69771,0.75876,0.61402,0.50182,different
paracetamol_500mg,different_0262,0.29663,0.36682,0.68218,0.75856,0.55223,0.51107,different
paracetamol_500mg,different_0636,0.24845,0.39985,0.60407,0.76132,0.58597,0.47808,different
paracetamol_500mg,original_0623,0.27119,0.39297,0.5831,0.6578,0.42298,0.34027,original
paracetamol_500mg,different_0846,0.22809,0.31794,0.6564,0.76718,0.5407,0.47716,different
paracetamol_500mg,substandard_0257,0.32228,0.45429,0.53628,0.70483,0.50607,0.42843,substandard
paracetamol_500mg,different_0898,0.22903,0.29208,0.63359,0.73195,0.54395,0.45724,different
paracetamol_500mg,substandard_0895,0.30014,0.46773,0.56559,0.62904,0.51858,0.36547,substandard
paracetamol_500mg,original_0168,0.30293,0.35135,0.56005,0.70861,0.47306,0.36848,original
paracetamol_500mg,different_0994,0.25079,0.38003,0.66726,0.77344,0.5606,0.51023,different
paracetamol_500mg,original_0154,0.27024,0.39551,0.60825,0.69936,0.45963,0.35397,original
paracetamol_500mg,different_0708,0.2295,0.44149,0.72424,0.80398,0.55165,0.48553,different
paracetamol_500mg,original_0712,0.33738,0.41907,0.588,0.70617,0.44256,0.34897,original
paracetamol_500mg,different_0113,0.30409,0.33977,0.65217,0.79243,0.58798,0.46517,different
paracetamol_500mg,substandard_0877,0.32255,0.46703,0.57306,0.71564,0.51937,0.40669,substandard
paracetamol_500mg,original_0939,0.29793,0.40679,0.63392,0.70236,0.46441,0.42911,original
paracetamol_500mg,different_0073,0.26524,0.36563,0.61225,0.74458,0.53454,0.49752,different
paracetamol_500mg,original_0103,0.33725,0.43133,0.64074,0.75785,0.53171,0.41576,original
paracetamol_500mg,substandard_0486,0.37941,0.49079,0.58284,0.68013,0.52133,0.36799,substandard
paracetamol_500mg,original_0471,0.31496,0.45443,0.61646,0.74926,0.50124,0.35777,original
paracetamol_500mg,original_0395,0.31825,0.39315,0.61259,0.71206,0.50032,0.37436,original
paracetamol_500mg,original_0046,0.3011,0.36848,0.58314,0.72291,0.44024,0.38264,original
paracetamol_500mg,original_0901,0.26791,0.39122,0.5855,0.70098,0.46522,0.38523,original
paracetamol_500mg,original_0161,0.29621,0.4213,0.6477,0.70949,0.46636,0.45105,original
paracetamol_500mg,original_0782,0.31281,0.40537,0.60126,0.70991,0.45166,0.37785,original
paracetamol_500mg,substandard_0021,0.3386,0.46692,0.54879,0.65213,0.50814,0.38,substandard
paracetamol_500mg,original_0392,0.3526,0.43464,0.60142,0.75014,0.54579,0.39107,original
paracetamol_500mg,substandard_0824,0.35166,0.45258,0.54614,0.67601,0.53687,0.43074,substandard
paracetamol_500mg,different_0824,0.28424,0.44074,0.71074,0.75398,0.56166,0.48036,different
paracetamol_500mg,original_0718,0.25347,0.38174,0.59031,0.69163,0.50195,0.3735,original
paracetamol_500mg,substandard_0664,0.37342,0.44744,0.56524,0.7002,0.52745,0.39324,substandard
paracetamol_500mg,different_0959,0.26451,0.32623,0.6176,0.73539,0.5732,0.43931,different
paracetamol_500mg,original_0925,0.29503,0.44103,0.60943,0.70191,0.46686,0.39098,original
paracetamol_500mg,substandard_0834,0.36476,0.44583,0.58282,0.68034,0.51698,0.44376,substandard
paracetamol_500mg,different_0736,0.26604,0.34751,0.69442,0.75287,0.53644,0.45512,different
paracetamol_500mg,original_0379,0.2768,0.40139,0.60667,0.70824,0.43165,0.36442,original
paracetamol_500mg,original_0280,0.3088,0.43283,0.60065,0.71954,0.46114,0.39091,original
paracetamol_500mg,different_0361,0.26452,0.34745,0.61295,0.77602,0.55089,0.49752,different
paracetamol_500mg,substandard_0197,0.35584,0.44083,0.54608,0.67137,0.52399,0.43233,substandard
paracetamol_500mg,substandard_0056,0.35259,0.42945,0.56346,0.68652,0.52706,0.44601,substandard
paracetamol_500mg,original_0669,0.32254,0.44427,0.6369,0.77272,0.51902,0.38755,original
paracetamol_500mg,substandard_0848,0.31271,0.47761,0.62448,0.71815,0.54738,0.40616,substandard
paracetamol_500mg,substandard_0730,0.35409,0.46696,0.62292,0.72537,0.51029,0.42079,substandard
paracetamol_500mg,different_0128,0.28419,0.37238,0.7073,0.81129,0.54189,0.52514,different
paracetamol_500mg,original_0666,0.35785,0.4581,0.68005,0.77682,0.51319,0.425,original
paracetamol_500mg,original_0793,0.37349,0.44182,0.63621,0.72622,0.53725,0.39373,original
paracetamol_500mg,substandard_0622,0.36939,0.47283,0.55631,0.74372,0.52605,0.45926,substandard
paracetamol_500mg,original_0307,0.32795,0.47241,0.64927,0.73975,0.48079,0.3904,original
paracetamol_500mg,original_0456,0.33273,0.42025,0.63834,0.74352,0.53217,0.39884,original
paracetamol_500mg,substandard_0653,0.29848,0.45054,0.56887,0.70283,0.49594,0.43951,substandard
paracetamol_500mg,different_0239,0.24762,0.32795,0.63836,0.74995,0.60703,0.47188,different
paracetamol_500mg,different_0779,0.24506,0.33721,0.61933,0.7105,0.51702,0.46871,different
paracetamol_500mg,different_0979,0.22334,0.38048,0.66274,0.77022,0.60687,0.52241,different
paracetamol_500mg,substandard_0325,0.37999,0.48656,0.5958,0.73573,0.55237,0.45463,substandard
paracetamol_500mg,original_0326,0.31283,0.46253,0.59785,0.71257,0.49152,0.35638,original
paracetamol_500mg,substandard_0906,0.30635,0.44426,0.57956,0.67666,0.52582,0.43937,substandard
paracetamol_500mg,different_0687,0.30468,0.38149,0.68125,0.80087,0.56369,0.47972,different
paracetamol_500mg,substandard_0815,0.30984,0.43416,0.54445,0.66526,0.49618,0.44221,substandard
paracetamol_500mg,substandard_0833,0.38262,0.45791,0.60119,0.69779,0.5028,0.45824,substandard
paracetamol_500mg,substandard_0643,0.35236,0.54109,0.60554,0.66504,0.52897,0.48216,substandard
paracetamol_500mg,original_0040,0.33841,0.43513,0.63373,0.75886,0.48586,0.38277,original
paracetamol_500mg,substandard_0173,0.34975,0.44666,0.56673,0.67447,0.55442,0.47193,substandard
paracetamol_500mg,original_0547,0.33381,0.41152,0.59699,0.70643,0.48978,0.40462,original
paracetamol_500mg,different_0477,0.28386,0.36635,0.67261,0.7927,0.56988,0.50971,different
paracetamol_500mg,substandard_0988,0.3554,0.52569,0.57838,0.7443,0.53228,0.45059,substandard
paracetamol_500mg,original_0006,0.31357,0.45297,0.63523,0.74096,0.49469,0.42061,original
paracetamol_500mg,different_0135,0.27345,0.35529,0.69128,0.79097,0.59683,0.46685,different
paracetamol_500mg,different_0024,0.2738,0.36135,0.6302,0.75548,0.56328,0.47581,different
paracetamol_500mg,different_0328,0.29529,0.39807,0.71538,0.78778,0.56774,0.47549,different
paracetamol_500mg,original_0675,0.3092,0.40575,0.53776,0.71153,0.4654,0.38662,original
paracetamol_500mg,substandard_0179,0.35105,0.47964,0.56654,0.65482,0.50052,0.42735,substandard
paracetamol_500mg,different_0044,0.28841,0.40709,0.65285,0.7631,0.60404,0.44696,different
paracetamol_500mg,substandard_0460,0.35941,0.45389,0.58709,0.71523,0.53674,0.44419,substandard
paracetamol_500mg,different_0865,0.3091,0.39285,0.68118,0.75075,0.60277,0.49147,different
paracetamol_500mg,original_0711,0.29033,0.41515,0.63994,0.73017,0.50789,0.35716,original
paracetamol_500mg,different_0771,0.26084,0.3558,0.65516,0.7731,0.53688,0.40811,different
paracetamol_500mg,original_0677,0.28718,0.42879,0.64015,0.76086,0.51342,0.38232,original
paracetamol_500mg,original_0887,0.2723,0.38131,0.60938,0.68144,0.45067,0.36344,original
paracetamol_500mg,original_0968,0.35923,0.4085,0.64641,0.74181,0.51838,0.41642,original
paracetamol_500mg,different_0791,0.25328,0.39964,0.63227,0.75993,0.53575,0.44809,different
paracetamol_500mg,original_0751,0.27267,0.39253,0.64117,0.71816,0.45126,0.41248,original
paracetamol_500mg,original_0488,0.32086,0.36555,0.57596,0.70771,0.44796,0.39918,original
paracetamol_500mg,different_0513,0.25016,0.37281,0.66564,0.79167,0.53766,0.4878,different
paracetamol_500mg,original_0879,0.35517,0.42497,0.60833,0.72514,0.53989,0.39483,original
paracetamol_500mg,different_0028,0.27516,0.35999,0.66457,0.77635,0.59656,0.48532,different
paracetamol_500mg,substandard_0699,0.31807,0.43431,0.53977,0.70531,0.54316,0.39875,substandard
paracetamol_500mg,substandard_0408,0.31889,0.43984,0.50084,0.67208,0.51547,0.38115,substandard
paracetamol_500mg,substandard_0340,0.30603,0.48618,0.55987,0.68419,0.50164,0.42094,substandard
paracetamol_500mg,substandard_0232,0.32496,0.48187,0.53143,0.65721,0.53043,0.41331,substandard
paracetamol_500mg,different_0599,0.27131,0.38492,0.63456,0.73887,0.57959,0.48313,different
paracetamol_500mg,different_0517,0.21854,0.34862,0.67769,0.78354,0.60435,0.46225,different
paracetamol_500mg,original_0779,0.34341,0.45184,0.59878,0.71756,0.51496,0.41049,original
paracetamol_500mg,original_0891,0.32618,0.41723,0.5967,0.73569,0.48002,0.34217,original
paracetamol_500mg,different_0451,0.29163,0.33748,0.63706,0.77974,0.58722,0.43317,different
paracetamol_500mg,substandard_0754,0.34632,0.50525,0.57879,0.70583,0.50056,0.42854,substandard
paracetamol_500mg,substandard_0441,0.33002,0.45181,0.55623,0.6844,0.50982,0.44653,substandard
paracetamol_500mg,different_0528,0.27931,0.33004,0.68507,0.7851,0.59799,0.47996,different
paracetamol_500mg,substandard_0737,0.3086,0.4216,0.59656,0.67868,0.52541,0.42945,substandard
paracetamol_500mg,different_0017,0.25232,0.39106,0.68185,0.78826,0.59682,0.50939,different
paracetamol_500mg,different_0570,0.30594,0.36277,0.69016,0.80428,0.60069,0.46842,different
paracetamol_500mg,substandard_0846,0.32934,0.49112,0.56677,0.69134,0.51447,0.47287,substandard
paracetamol_500mg,original_0543,0.28492,0.46263,0.63982,0.76646,0.52328,0.4301,original
paracetamol_500mg,original_0174,0.31341,0.48078,0.58086,0.71286,0.46382,0.38564,original
paracetamol_500mg,substandard_0845,0.32028,0.43255,0.59806,0.68841,0.55115,0.44649,substandard
paracetamol_500mg,different_0891,0.27109,0.39138,0.69782,0.78823,0.57357,0.43106,different
paracetamol_500mg,different_0105,0.33279,0.36435,0.6832,0.7937,0.54737,0.52354,different
paracetamol_500mg,original_0930,0.33209,0.42623,0.68923,0.7429,0.51833,0.40885,original
paracetamol_500mg,original_0778,0.28999,0.41961,0.62325,0.76176,0.48582,0.40557,original
paracetamol_500mg,different_0045,0.22614,0.3491,0.63062,0.7644,0.57101,0.44738,different
paracetamol_500mg,original_0872,0.29144,0.42428,0.59313,0.72297,0.46432,0.37229,original
paracetamol_500mg,different_0193,0.22561,0.3591,0.62979,0.75414,0.56659,0.47671,different
paracetamol_500mg,original_0245,0.30531,0.4247,0.61133,0.72963,0.50089,0.39721,original
paracetamol_500mg,different_0975,0.26769,0.39439,0.68384,0.77719,0.55211,0.47117,different
paracetamol_500mg,original_0626,0.31008,0.42766,0.59697,0.73961,0.44474,0.40757,original
paracetamol_500mg,original_0650,0.3112,0.43899,0.59011,0.73241,0.45832,0.38421,original
paracetamol_500mg,different_0450,0.26823,0.40861,0.67559,0.78101,0.59256,0.48716,different
paracetamol_500mg,original_0085,0.30899,0.43847,0.62842,0.7008,0.5555,0.40855,original
paracetamol_500mg,different_0227,0.26076,0.38539,0.65076,0.77333,0.53387,0.48818,different
paracetamol_500mg,original_0489,0.30258,0.4284,0.60017,0.7441,0.4593,0.40522,original
paracetamol_500mg,substandard_0970,0.3662,0.45291,0.58096,0.67668,0.54141,0.44026,substandard
paracetamol_500mg,different_0675,0.28117,0.36537,0.68015,0.7486,0.55249,0.49776,different
paracetamol_500mg,original_0496,0.31343,0.4383,0.63873,0.74073,0.45894,0.39968,original
paracetamol_500mg,original_0809,0.31084,0.42954,0.63422,0.74394,0.46866,0.38649,original
paracetamol_500mg,different_0621,0.26465,0.37261,0.68901,0.73699,0.58092,0.50404,different
paracetamol_500mg,substandard_0710,0.35327,0.4941,0.62449,0.69275,0.53891,0.39418,substandard
paracetamol_500mg,original_0662,0.3475,0.51478,0.63527,0.7625,0.50499,0.43874,original
paracetamol_500mg,different_0582,0.30095,0.38176,0.68245,0.75138,0.60704,0.50397,different
paracetamol_500mg,different_0784,0.27547,0.41053,0.67692,0.78466,0.53652,0.45304,different
paracetamol_500mg,original_0740,0.29303,0.4093,0.62237,0.79297,0.48082,0.44546,original
paracetamol_500mg,different_0139,0.29366,0.40067,0.6721,0.74392,0.5867,0.44983,different
paracetamol_500mg,different_0003,0.2582,0.37784,0.689,0.74084,0.55277,0.46211,different
paracetamol_500mg,original_0057,0.35062,0.41066,0.64165,0.78226,0.42968,0.4018,original
paracetamol_500mg,original_0449,0.3166,0.45421,0.5834,0.69023,0.46571,0.35468,original
paracetamol_500mg,different_0525,0.28523,0.37613,0.66352,0.82066,0.58121,0.50562,different
paracetamol_500mg,substandard_0375,0.36544,0.40648,0.57696,0.66803,0.52473,0.4199,substandard
paracetamol_500mg,different_0832,0.266,0.35038,0.69128,0.75534,0.64365,0.46521,different
paracetamol_500mg,different_0470,0.25782,0.39787,0.65397,0.78674,0.57475,0.47191,different
paracetamol_500mg,different_0755,0.3342,0.39815,0.69828,0.75682,0.56716,0.48128,different
paracetamol_500mg,substandard_0540,0.33071,0.45685,0.56203,0.75018,0.49784,0.39585,substandard
paracetamol_500mg,original_0980,0.24608,0.39029,0.5788,0.70115,0.477,0.36197,original
paracetamol_500mg,original_0223,0.28479,0.41277,0.57733,0.77632,0.49937,0.38455,original
paracetamol_500mg,original_0767,0.28925,0.44342,0.63387,0.73882,0.50308,0.40595,original
paracetamol_500mg,different_0808,0.28517,0.38515,0.69493,0.77583,0.56615,0.50233,different
paracetamol_500mg,original_0228,0.3504,0.41282,0.58869,0.74998,0.46408,0.40175,original
paracetamol_500mg,original_0715,0.3021,0.4284,0.62412,0.73713,0.4689,0.41636,original
paracetamol_500mg,original_0823,0.34215,0.43105,0.63365,0.76524,0.50766,0.42064,original
paracetamol_500mg,different_0442,0.29343,0.37792,0.66131,0.78036,0.54107,0.44302,different
paracetamol_500mg,original_0016,0.31798,0.45065,0.62468,0.75529,0.48549,0.40561,original
paracetamol_500mg,different_0312,0.24174,0.33769,0.70926,0.76694,0.56357,0.4728,different
paracetamol_500mg,substandard_0533,0.3661,0.46521,0.58378,0.71657,0.51747,0.4341,substandard
paracetamol_500mg,different_0920,0.28836,0.3387,0.69419,0.78463,0.56977,0.5154,different
paracetamol_500mg,different_0026,0.23699,0.34835,0.70323,0.79514,0.5254,0.4591,different
paracetamol_500mg,different_0691,0.26139,0.39267,0.7024,0.79945,0.58282,0.5205,different
paracetamol_500mg,substandard_0308,0.33437,0.48096,0.58023,0.70555,0.55741,0.45939,substandard
paracetamol_500mg,different_0016,0.26301,0.37646,0.72765,0.79458,0.57901,0.47761,different
paracetamol_500mg,substandard_0121,0.33431,0.41627,0.55648,0.69339,0.52992,0.42124,substandard
paracetamol_500mg,original_0965,0.28468,0.4204,0.59271,0.72782,0.46493,0.3776,original
paracetamol_500mg,substandard_0615,0.37139,0.48397,0.60001,0.70038,0.47786,0.41361,substandard
paracetamol_500mg,different_0362,0.25985,0.35698,0.67003,0.72005,0.56787,0.49429,different
paracetamol_500mg,different_0958,0.26883,0.34448,0.67576,0.72434,0.55172,0.47675,different
paracetamol_500mg,original_0700,0.3011,0.42853,0.6154,0.76678,0.49323,0.42272,original
paracetamol_500mg,different_0095,0.23845,0.37313,0.67732,0.75856,0.61595,0.44746,different
paracetamol_500mg,different_0370,0.28186,0.3928,0.70389,0.79946,0.5866,0.44415,different
paracetamol_500mg,original_0403,0.31031,0.44158,0.6538,0.73326,0.52222,0.41832,original
paracetamol_500mg,original_0966,0.27208,0.39439,0.59259,0.69608,0.53118,0.346,original
paracetamol_500mg,different_0173,0.21944,0.3635,0.66791,0.76164,0.54005,0.45209,different
paracetamol_500mg,different_0830,0.25421,0.36817,0.67287,0.74887,0.54693,0.43869,different
paracetamol_500mg,substandard_0937,0.3282,0.43597,0.57175,0.69656,0.52707,0.41996,substandard
paracetamol_500mg,different_0336,0.27409,0.41085,0.66264,0.83732,0.54612,0.48941,different
paracetamol_500mg,substandard_0070,0.35582,0.49297,0.61967,0.75288,0.47181,0.43328,substandard
paracetamol_500mg,original_0996,0.28789,0.39418,0.58792,0.73522,0.46819,0.41488,original
paracetamol_500mg,substandard_0403,0.35573,0.49078,0.59844,0.735,0.5587,0.43431,substandard
paracetamol_500mg,original_0260,0.3302,0.38386,0.61697,0.75774,0.46513,0.37594,original
paracetamol_500mg,original_0683,0.33365,0.40209,0.60854,0.69584,0.463,0.42653,original
paracetamol_500mg,substandard_0225,0.29371,0.4036,0.54397,0.65859,0.48879,0.44207,substandard
paracetamol_500mg,original_0951,0.30487,0.44412,0.63746,0.73352,0.48896,0.41374,original
paracetamol_500mg,substandard_0132,0.35218,0.47068,0.58021,0.62534,0.48407,0.44502,substandard
paracetamol_500mg,substandard_0641,0.3667,0.45644,0.62005,0.65699,0.53412,0.45677,substandard
paracetamol_500mg,original_0012,0.31349,0.4043,0.60838,0.72467,0.51059,0.37766,original
paracetamol_500mg,different_0149,0.31284,0.35873,0.68254,0.77926,0.54075,0.46075,different
paracetamol_500mg,substandard_0874,0.34542,0.51127,0.59231,0.72382,0.53288,0.45288,substandard
paracetamol_500mg,substandard_0446,0.33968,0.50236,0.57054,0.70617,0.51767,0.464,substandard
paracetamol_500mg,different_0499,0.25495,0.36108,0.68865,0.77779,0.59484,0.49086,different
paracetamol_500mg,substandard_0295,0.37135,0.43412,0.57509,0.68852,0.55157,0.4161,substandard
paracetamol_500mg,different_0574,0.28102,0.35795,0.72077,0.79719,0.54872,0.54075,different
paracetamol_500mg,original_0743,0.31709,0.41534,0.6294,0.75406,0.47993,0.36514,original
paracetamol_500mg,different_0613,0.27369,0.37918,0.68313,0.76411,0.53751,0.47303,different
paracetamol_500mg,substandard_0301,0.30273,0.4191,0.55969,0.67536,0.50519,0.37812,substandard
paracetamol_500mg,different_0309,0.2395,0.37352,0.65919,0.73897,0.53118,0.48218,different
paracetamol_500mg,different_0956,0.24803,0.33236,0.68536,0.79055,0.53075,0.47684,different
paracetamol_500mg,substandard_0363,0.34082,0.47097,0.60785,0.66712,0.53104,0.47427,substandard
paracetamol_500mg,original_0253,0.32433,0.38434,0.57831,0.72283,0.48332,0.36051,original
paracetamol_500mg,substandard_0095,0.31434,0.42529,0.53553,0.67176,0.51385,0.36614,substandard
paracetamol_500mg,different_0967,0.26206,0.36324,0.65825,0.74665,0.53548,0.45005,different
paracetamol_500mg,substandard_0102,0.29323,0.40713,0.6036,0.6675,0.47615,0.41786,substandard
paracetamol_500mg,substandard_0819,0.32728,0.45316,0.52085,0.66996,0.51783,0.41197,substandard
paracetamol_500mg,substandard_0255,0.37459,0.52687,0.60842,0.72067,0.5333,0.42673,substandard
paracetamol_500mg,original_0409,0.32256,0.40835,0.6199,0.76033,0.52028,0.42031,original
paracetamol_500mg,different_0508,0.1917,0.34794,0.625,0.73258,0.51596,0.4227,different
paracetamol_500mg,substandard_0674,0.31191,0.42017,0.5631,0.67194,0.53585,0.39997,substandard
paracetamol_500mg,substandard_0118,0.31749,0.43553,0.55477,0.67762,0.48161,0.40628,substandard
paracetamol_500mg,substandard_0867,0.34207,0.45396,0.57742,0.66623,0.49914,0.45412,substandard
paracetamol_500mg,substandard_0977,0.329,0.46353,0.58831,0.72172,0.52433,0.42459,substandard
paracetamol_500mg,substandard_0562,0.35595,0.50984,0.56762,0.706,0.51557,0.39636,substandard
paracetamol_500mg,substandard_0330,0.35073,0.46365,0.56863,0.67178,0.53528,0.37049,substandard
paracetamol_500mg,substandard_0548,0.31378,0.45657,0.55131,0.68459,0.50168,0.42461,substandard
paracetamol_500mg,substandard_0894,0.36684,0.46178,0.56029,0.68739,0.51502,0.45459,substandard
paracetamol_500mg,original_0153,0.28613,0.43777,0.62334,0.75682,0.48986,0.38752,original
paracetamol_500mg,original_0343,0.29927,0.39984,0.6103,0.73731,0.46428,0.43257,original
paracetamol_500mg,original_0735,0.30787,0.45012,0.65974,0.75521,0.49542,0.42463,original
paracetamol_500mg,original_0525,0.31098,0.47307,0.66084,0.75039,0.51283,0.42625,original
paracetamol_500mg,original_0438,0.28737,0.39649,0.61258,0.6946,0.44556,0.37384,original
paracetamol_500mg,different_0781,0.2824,0.38614,0.67641,0.78529,0.5902,0.46217,different
paracetamol_500mg,substandard_0816,0.32851,0.47992,0.59078,0.69559,0.52086,0.44916,substandard
paracetamol_500mg,substandard_0907,0.37001,0.47965,0.62665,0.72958,0.55138,0.47481,substandard
paracetamol_500mg,substandard_0696,0.36061,0.52508,0.63949,0.74795,0.58742,0.48942,substandard
paracetamol_500mg,original_0097,0.28607,0.34952,0.60772,0.71266,0.46792,0.36835,original
paracetamol_500mg,substandard_0912,0.36194,0.43723,0.57527,0.69266,0.53766,0.42658,substandard
paracetamol_500mg,different_0778,0.32548,0.38723,0.66224,0.77296,0.61447,0.49516,different
paracetamol_500mg,substandard_0614,0.33996,0.44385,0.58261,0.68864,0.49525,0.43344,substandard
paracetamol_500mg,substandard_0371,0.33681,0.4794,0.59897,0.7061,0.4926,0.42151,substandard
paracetamol_500mg,different_0036,0.23707,0.3303,0.66827,0.73219,0.53951,0.46877,different
paracetamol_500mg,substandard_0034,0.3553,0.4855,0.57152,0.69552,0.51836,0.4439,substandard
paracetamol_500mg,original_0694,0.35837,0.46236,0.6427,0.72585,0.46715,0.43074,original
paracetamol_500mg,different_0495,0.2279,0.35029,0.62652,0.72935,0.59936,0.50277,different
paracetamol_500mg,different_0308,0.27679,0.37239,0.65646,0.7411,0.59711,0.46207,different
paracetamol_500mg,original_0943,0.32541,0.45157,0.60917,0.80165,0.4823,0.40776,original
paracetamol_500mg,substandard_0809,0.38904,0.45178,0.54925,0.68759,0.50302,0.41544,substandard
paracetamol_500mg,different_0500,0.27647,0.3765,0.66339,0.77865,0.54133,0.49737,different
paracetamol_500mg,different_0202,0.26207,0.39238,0.72568,0.72864,0.59009,0.45311,different
paracetamol_500mg,different_0738,0.25491,0.39576,0.66444,0.75004,0.54659,0.41381,different
paracetamol_500mg,original_0036,0.33191,0.42854,0.62639,0.76431,0.52546,0.42066,original
paracetamol_500mg,different_0840,0.22971,0.36329,0.66846,0.78445,0.56209,0.45432,different
paracetamol_500mg,different_0762,0.26893,0.36924,0.7369,0.77839,0.57568,0.52785,different
paracetamol_500mg,different_0533,0.26185,0.38133,0.66361,0.75059,0.52125,0.42793,different
paracetamol_500mg,different_0809,0.30123,0.39421,0.66377,0.78994,0.57326,0.51484,different
paracetamol_500mg,different_0600,0.29802,0.37486,0.6853,0.78282,0.56906,0.46454,different
paracetamol_500mg,original_0434,0.32719,0.43478,0.60686,0.69379,0.4967,0.39824,original
paracetamol_500mg,substandard_0574,0.32024,0.46158,0.54982,0.65928,0.49821,0.44958,substandard
paracetamol_500mg,different_0912,0.2732,0.4068,0.68202,0.8101,0.61227,0.44464,different
paracetamol_500mg,substandard_0590,0.36827,0.46861,0.51724,0.65844,0.532,0.42095,substandard
paracetamol_500mg,substandard_0647,0.35697,0.47392,0.55916,0.66869,0.5221,0.42549,substandard
paracetamol_500mg,original_0347,0.30482,0.37931,0.62379,0.71949,0.44197,0.41745,original
paracetamol_500mg,substandard_0497,0.33135,0.47754,0.54017,0.674,0.55914,0.38524,substandard
paracetamol_500mg,original_0455,0.32863,0.42322,0.62366,0.70257,0.47945,0.3714,original
paracetamol_500mg,substandard_0841,0.37633,0.50706,0.55208,0.70035,0.50454,0.44504,substandard
paracetamol_500mg,different_0640,0.30477,0.36554,0.68121,0.78325,0.58168,0.47799,different
paracetamol_500mg,original_0748,0.29719,0.38618,0.61179,0.70259,0.49012,0.43931,original
paracetamol_500mg,substandard_0041,0.33077,0.45639,0.57437,0.70014,0.5372,0.42283,substandard
paracetamol_500mg,substandard_0661,0.33956,0.46648,0.49234,0.6839,0.5024,0.3904,substandard
paracetamol_500mg,substandard_0090,0.35502,0.4762,0.55421,0.70329,0.50852,0.42911,substandard
paracetamol_500mg,different_0234,0.26114,0.41826,0.72026,0.8149,0.60909,0.48376,different
paracetamol_500mg,original_0498,0.30759,0.44899,0.64283,0.73049,0.47244,0.36809,original
paracetamol_500mg,substandard_0263,0.29973,0.46924,0.58466,0.7341,0.53504,0.45869,substandard
paracetamol_500mg,original_0655,0.32603,0.44172,0.61214,0.73373,0.52697,0.41378,original
paracetamol_500mg,different_0011,0.29645,0.39689,0.65675,0.73963,0.58756,0.51849,different
paracetamol_500mg,substandard_0017,0.3227,0.42413,0.58043,0.67593,0.51383,0.43309,substandard
paracetamol_500mg,original_0023,0.30173,0.40127,0.59658,0.71459,0.52716,0.39374,original
paracetamol_500mg,original_0588,0.33288,0.46043,0.59382,0.74822,0.50774,0.41057,original
paracetamol_500mg,substandard_0762,0.34182,0.45268,0.57484,0.69402,0.55865,0.43017,substandard
paracetamol_500mg,different_0879,0.25039,0.38988,0.64439,0.7609,0.5521,0.47289,different
paracetamol_500mg,different_0432,0.25553,0.34339,0.68938,0.77724,0.52371,0.46858,different
paracetamol_500mg,substandard_0602,0.38602,0.46881,0.55085,0.72093,0.5446,0.44939,substandard
paracetamol_500mg,original_0042,0.30051,0.40594,0.57688,0.78241,0.46184,0.40097,original
paracetamol_500mg,substandard_0687,0.3434,0.44982,0.552,0.69107,0.47298,0.40713,substandard
paracetamol_500mg,substandard_0799,0.32901,0.45048,0.56439,0.65433,0.51354,0.44244,substandard
paracetamol_500mg,original_0554,0.31429,0.42651,0.61498,0.73431,0.48074,0.35544,original
paracetamol_500mg,substandard_0054,0.34068,0.46703,0.55849,0.68283,0.52043,0.4789,substandard
paracetamol_500mg,original_0452,0.32448,0.45179,0.58429,0.77104,0.4749,0.39595,original
paracetamol_500mg,substandard_0338,0.36707,0.46409,0.54063,0.73404,0.50821,0.44466,substandard
paracetamol_500mg,original_0349,0.32515,0.44862,0.56964,0.68555,0.47251,0.37145,original
paracetamol_500mg,original_0998,0.34396,0.40462,0.54664,0.70188,0.4922,0.41809,original
paracetamol_500mg,original_0129,0.34452,0.39505,0.67848,0.71506,0.52237,0.40464,original
paracetamol_500mg,original_0105,0.32203,0.43696,0.62402,0.78107,0.48321,0.42374,original
paracetamol_500mg,different_0526,0.24867,0.34597,0.66656,0.76244,0.58003,0.44051,different
paracetamol_500mg,original_0499,0.35923,0.43042,0.63219,0.74912,0.49695,0.41544,original
paracetamol_500mg,substandard_0345,0.39578,0.49063,0.53013,0.69582,0.51758,0.42673,substandard
paracetamol_500mg,substandard_0914,0.36314,0.44254,0.53069,0.69292,0.48054,0.43859,substandard
paracetamol_500mg,substandard_0383,0.34035,0.42983,0.58782,0.67828,0.56133,0.48316,substandard
paracetamol_500mg,substandard_0392,0.38739,0.49352,0.60984,0.69042,0.52782,0.42139,substandard
paracetamol_500mg,original_0207,0.26519,0.42698,0.63649,0.69863,0.48809,0.3898,original
paracetamol_500mg,original_0709,0.3157,0.39049,0.58999,0.69924,0.52067,0.36206,original
paracetamol_500mg,original_0889,0.31036,0.44183,0.60603,0.7485,0.47739,0.38802,original
paracetamol_500mg,different_0233,0.25579,0.36728,0.69626,0.75915,0.56749,0.49611,different
paracetamol_500mg,original_0494,0.26743,0.35945,0.55497,0.74548,0.48057,0.32689,original
paracetamol_500mg,different_0086,0.29075,0.42681,0.68978,0.79384,0.5777,0.47411,different
paracetamol_500mg,different_0444,0.3041,0.399,0.70751,0.78311,0.60614,0.49753,different
paracetamol_500mg,different_0335,0.306,0.40199,0.68181,0.81724,0.57321,0.49543,different
paracetamol_500mg,different_0751,0.24731,0.35287,0.64885,0.70524,0.55732,0.44172,different
paracetamol_500mg,different_0037,0.27401,0.35352,0.61625,0.76639,0.56581,0.47299,different
paracetamol_500mg,substandard_0983,0.30878,0.44468,0.54078,0.65096,0.49235,0.42262,substandard
paracetamol_500mg,different_0592,0.2822,0.40591,0.66174,0.7832,0.60703,0.47615,different
paracetamol_500mg,original_0484,0.32267,0.4493,0.61545,0.74879,0.43386,0.39179,original
paracetamol_500mg,different_0642,0.26626,0.3864,0.66779,0.78082,0.54367,0.47566,different
paracetamol_500mg,different_0461,0.22401,0.33771,0.72032,0.79001,0.57512,0.44103,different
paracetamol_500mg,substandard_0826,0.36178,0.45751,0.54024,0.69943,0.52103,0.42874,substandard
paracetamol_500mg,substandard_0130,0.31591,0.42498,0.51635,0.69288,0.53262,0.38272,substandard
paracetamol_500mg,different_0936,0.24834,0.35279,0.64585,0.77122,0.56054,0.4856,different
paracetamol_500mg,substandard_0579,0.3076,0.42483,0.53102,0.67287,0.53416,0.40254,substandard
paracetamol_500mg,substandard_0685,0.34009,0.45434,0.56008,0.67961,0.54101,0.423,substandard
paracetamol_500mg,original_0903,0.31551,0.39952,0.61512,0.70189,0.51094,0.38324,original
paracetamol_500mg,different_0009,0.22202,0.35836,0.67325,0.74683,0.53849,0.4758,different
paracetamol_500mg,different_0601,0.28969,0.3585,0.68386,0.7409,0.5867,0.49217,different
paracetamol_500mg,original_0173,0.34906,0.4404,0.63461,0.79605,0.51487,0.45113,original
paracetamol_500mg,original_0932,0.34954,0.47415,0.67865,0.73877,0.4896,0.40789,original
paracetamol_500mg,original_0849,0.32963,0.4152,0.62655,0.7392,0.46801,0.39415,original
paracetamol_500mg,substandard_0505,0.33465,0.42168,0.50083,0.69322,0.50883,0.42558,substandard
paracetamol_500mg,substandard_0311,0.35143,0.45437,0.58103,0.72278,0.5245,0.46191,substandard
paracetamol_500mg,original_0640,0.30005,0.40459,0.61813,0.7681,0.48089,0.44108,original
paracetamol_500mg,different_0530,0.35304,0.36925,0.70018,0.7691,0.59994,0.5315,different
paracetamol_500mg,different_0497,0.2519,0.35112,0.65684,0.76646,0.60557,0.48284,different
paracetamol_500mg,different_0877,0.27355,0.36328,0.67349,0.75678,0.55312,0.472,different
paracetamol_500mg,original_0759,0.25329,0.43746,0.54931,0.70077,0.38938,0.36651,original
paracetamol_500mg,original_0785,0.29931,0.39953,0.67282,0.70579,0.43607,0.36017,original
paracetamol_500mg,different_0682,0.2673,0.35907,0.6583,0.79152,0.60059,0.51359,different
paracetamol_500mg,original_0299,0.3147,0.4008,0.55764,0.72321,0.43125,0.3969,original
paracetamol_500mg,different_0935,0.2562,0.33666,0.63866,0.77429,0.60241,0.46655,different
paracetamol_500mg,original_0791,0.29536,0.40048,0.60526,0.74859,0.47952,0.41776,original
paracetamol_500mg,different_0019,0.27988,0.38882,0.6194,0.75065,0.51093,0.49746,different
paracetamol_500mg,substandard_0788,0.3253,0.48946,0.54448,0.64682,0.53803,0.44882,substandard
paracetamol_500mg,substandard_0423,0.34735,0.44946,0.55193,0.66054,0.49756,0.43923,substandard
paracetamol_500mg,different_0731,0.24544,0.35942,0.65976,0.76875,0.57318,0.44032,different
paracetamol_500mg,original_0026,0.28074,0.39958,0.59836,0.75356,0.47896,0.40585,original
paracetamol_500mg,different_0228,0.2634,0.36941,0.65091,0.75085,0.59179,0.50617,different
paracetamol_500mg,original_0553,0.29802,0.43948,0.60483,0.71311,0.47211,0.44424,original
paracetamol_500mg,original_0283,0.33819,0.46585,0.6313,0.73267,0.49242,0.42282,original
paracetamol_500mg,different_0556,0.27318,0.3875,0.66599,0.79271,0.56489,0.48355,different
paracetamol_500mg,original_0492,0.33688,0.42247,0.66605,0.77175,0.49156,0.45759,original
paracetamol_500mg,substandard_0621,0.34847,0.46486,0.57451,0.70384,0.5084,0.45389,substandard
paracetamol_500mg,different_0260,0.24958,0.37825,0.70208,0.74786,0.55885,0.45564,different
paracetamol_500mg,substandard_0880,0.37716,0.43289,0.55518,0.71187,0.51949,0.434,substandard
paracetamol_500mg,original_0265,0.33375,0.42945,0.62023,0.72302,0.4581,0.37109,original
paracetamol_500mg,original_0353,0.3338,0.41148,0.57965,0.75547,0.44772,0.38177,original
paracetamol_500mg,different_0856,0.3152,0.39991,0.62994,0.81506,0.60664,0.45397,different
paracetamol_500mg,substandard_0501,0.35285,0.50808,0.59349,0.69617,0.56678,0.47273,substandard
paracetamol_500mg,different_0104,0.2517,0.36872,0.69766,0.73882,0.55767,0.46864,different
paracetamol_500mg,different_0498,0.23607,0.32958,0.66728,0.77139,0.57783,0.52372,different
paracetamol_500mg,different_0664,0.27033,0.34678,0.65663,0.75192,0.59924,0.47883,different
paracetamol_500mg,different_0633,0.28641,0.3859,0.67487,0.80617,0.57131,0.47982,different
paracetamol_500mg,original_0377,0.31054,0.43671,0.60355,0.72484,0.49278,0.40075,original
paracetamol_500mg,substandard_0360,0.38088,0.53119,0.61448,0.7401,0.53557,0.48407,substandard
paracetamol_500mg,different_0788,0.31069,0.36698,0.70078,0.77265,0.57177,0.50512,different
paracetamol_500mg,substandard_0040,0.36688,0.46548,0.59818,0.71922,0.56131,0.49256,substandard
paracetamol_500mg,different_0350,0.22945,0.34151,0.66595,0.75157,0.5508,0.46518,different
paracetamol_500mg,different_0486,0.25646,0.35985,0.63142,0.73095,0.53665,0.42843,different
paracetamol_500mg,original_0599,0.35921,0.41982,0.59087,0.75273,0.47922,0.42754,original
paracetamol_500mg,different_0678,0.26474,0.3941,0.66053,0.75437,0.58672,0.42248,different
paracetamol_500mg,original_0698,0.30172,0.4262,0.58868,0.71605,0.44313,0.37627,original
paracetamol_500mg,original_0671,0.33459,0.42645,0.60191,0.77602,0.51585,0.39466,original
paracetamol_500mg,substandard_0555,0.37796,0.45885,0.58444,0.68067,0.52107,0.42082,substandard
paracetamol_500mg,original_0508,0.31942,0.42835,0.60825,0.66967,0.45382,0.33064,original
paracetamol_500mg,substandard_0193,0.3348,0.47943,0.5083,0.68899,0.47938,0.41591,substandard
paracetamol_500mg,original_0506,0.32882,0.43036,0.6001,0.73769,0.47472,0.44296,original
paracetamol_500mg,different_0567,0.27137,0.38649,0.67229,0.72783,0.58852,0.48639,different
paracetamol_500mg,original_0058,0.31846,0.46778,0.63896,0.75587,0.49132,0.43181,original
paracetamol_500mg,original_0340,0.3406,0.40501,0.63615,0.74715,0.53137,0.4114,original
paracetamol_500mg,different_0238,0.30694,0.41789,0.66518,0.80768,0.59038,0.53137,different
paracetamol_500mg,substandard_0528,0.34073,0.46322,0.58422,0.68938,0.51781,0.41921,substandard
paracetamol_500mg,different_0249,0.26329,0.35585,0.69878,0.77831,0.57365,0.48961,different
paracetamol_500mg,original_0830,0.33409,0.41724,0.64882,0.75432,0.54449,0.39796,original
paracetamol_500mg,different_0430,0.2679,0.40053,0.66735,0.75728,0.54439,0.46958,different
paracetamol_500mg,original_0371,0.31862,0.41805,0.62342,0.73836,0.52423,0.38433,original
paracetamol_500mg,different_0653,0.25699,0.42657,0.64839,0.81082,0.54422,0.45574,different
paracetamol_500mg,original_0114,0.32432,0.43285,0.61533,0.77433,0.47589,0.38498,original
paracetamol_500mg,substandard_0480,0.33728,0.45018,0.50812,0.71626,0.51741,0.40851,substandard
paracetamol_500mg,different_0229,0.28328,0.39535,0.69666,0.78877,0.58113,0.44932,different
paracetamol_500mg,original_0867,0.29453,0.37275,0.57918,0.73364,0.44034,0.37054,original
paracetamol_500mg,different_0439,0.28666,0.38465,0.69394,0.71495,0.59441,0.46672,different
paracetamol_500mg,original_0860,0.38052,0.40041,0.62916,0.71555,0.50866,0.40124,original
paracetamol_500mg,substandard_0853,0.32901,0.44107,0.54322,0.63328,0.50534,0.38054,substandard
paracetamol_500mg,substandard_0835,0.31196,0.47667,0.61737,0.68345,0.50091,0.40605,substandard
paracetamol_500mg,substandard_0979,0.33438,0.47539,0.57777,0.67933,0.55752,0.45367,substandard
paracetamol_500mg,different_0415,0.26439,0.36113,0.65656,0.7283,0.56625,0.51999,different
paracetamol_500mg,substandard_0606,0.33626,0.47925,0.59523,0.70344,0.5248,0.46009,substandard
paracetamol_500mg,different_0296,0.27537,0.37088,0.68373,0.73626,0.57124,0.43238,different
paracetamol_500mg,different_0043,0.30107,0.42782,0.68859,0.81413,0.62486,0.50825,different
paracetamol_500mg,different_0084,0.24594,0.33231,0.68064,0.77355,0.57959,0.47433,different
paracetamol_500mg,substandard_0188,0.33933,0.47597,0.58262,0.66539,0.54819,0.44086,substandard
paracetamol_500mg,different_0952,0.30038,0.3918,0.67172,0.78258,0.54547,0.49045,different
paracetamol_500mg,original_0873,0.33838,0.43158,0.57746,0.71972,0.44096,0.39639,original
paracetamol_500mg,substandard_0473,0.30517,0.45479,0.53003,0.65968,0.46792,0.38401,substandard
paracetamol_500mg,original_0388,0.33497,0.44964,0.6028,0.75843,0.50081,0.40516,original
paracetamol_500mg,original_0634,0.31319,0.43907,0.5628,0.71442,0.46808,0.39354,original
paracetamol_500mg,substandard_0052,0.37505,0.50331,0.62629,0.71377,0.56485,0.5194,substandard
paracetamol_500mg,substandard_0009,0.35592,0.47818,0.63689,0.70235,0.57594,0.46567,substandard
paracetamol_500mg,different_0150,0.2893,0.39895,0.65655,0.74716,0.61614,0.48121,different
paracetamol_500mg,different_0025,0.27925,0.40151,0.71116,0.79194,0.6105,0.52619,different
paracetamol_500mg,original_0001,0.3287,0.39383,0.58676,0.73503,0.44275,0.32645,original
paracetamol_500mg,different_0096,0.26686,0.35094,0.6739,0.7593,0.57923,0.46256,different
paracetamol_500mg,original_0934,0.28788,0.39594,0.61023,0.72152,0.45718,0.36635,original
paracetamol_500mg,original_0970,0.32693,0.45654,0.58913,0.74133,0.5217,0.42173,original
paracetamol_500mg,different_0801,0.27941,0.37962,0.69993,0.81441,0.55647,0.503,different
paracetamol_500mg,different_0374,0.27534,0.34313,0.66403,0.74729,0.57948,0.50202,different
paracetamol_500mg,original_0697,0.29406,0.42995,0.62599,0.69375,0.43694,0.33464,original
paracetamol_500mg,original_0558,0.3386,0.44962,0.62108,0.78967,0.55548,0.43793,original
paracetamol_500mg,original_0476,0.33299,0.42955,0.61474,0.74858,0.48387,0.42143,original
paracetamol_500mg,original_0231,0.32175,0.39244,0.58983,0.73083,0.47878,0.33406,original
paracetamol_500mg,different_0786,0.21932,0.33379,0.60315,0.71541,0.55951,0.46037,different
paracetamol_500mg,original_0436,0.29295,0.40636,0.58984,0.70599,0.43405,0.34907,original
paracetamol_500mg,substandard_0304,0.34222,0.46672,0.56098,0.69377,0.56873,0.41526,substandard
paracetamol_500mg,original_0728,0.31044,0.40365,0.66607,0.79199,0.50019,0.44952,original
paracetamol_500mg,substandard_0169,0.30784,0.42625,0.54973,0.68927,0.47766,0.42823,substandard
paracetamol_500mg,substandard_0735,0.38278,0.48944,0.58881,0.71715,0.5524,0.47882,substandard
paracetamol_500mg,different_0955,0.21768,0.35195,0.65113,0.76624,0.56134,0.46554,different
paracetamol_500mg,substandard_0786,0.36697,0.50415,0.6112,0.76121,0.55229,0.44454,substandard
paracetamol_500mg,substandard_0863,0.34995,0.48047,0.59633,0.72659,0.56409,0.45458,substandard
paracetamol_500mg,original_0685,0.28236,0.37883,0.52092,0.69829,0.45675,0.34144,original
paracetamol_500mg,original_0071,0.29334,0.41655,0.57792,0.72225,0.47318,0.41561,original
paracetamol_500mg,substandard_0172,0.34013,0.46742,0.57142,0.66487,0.5633,0.45046,substandard
paracetamol_500mg,different_0668,0.26084,0.31619,0.66682,0.75801,0.58313,0.47303,different
paracetamol_500mg,original_0892,0.29879,0.41877,0.60035,0.67509,0.45899,0.34179,original
paracetamol_500mg,different_0590,0.24546,0.40502,0.66945,0.81671,0.58611,0.516,different
paracetamol_500mg,substandard_0638,0.35299,0.46952,0.58346,0.70547,0.55178,0.45368,substandard
paracetamol_500mg,original_0364,0.31534,0.4299,0.61968,0.74001,0.48056,0.40169,original
paracetamol_500mg,different_0596,0.2548,0.37096,0.63515,0.79753,0.55245,0.51041,different
paracetamol_500mg,original_0296,0.29355,0.42738,0.64729,0.71884,0.49798,0.3926,original
paracetamol_500mg,substandard_0242,0.30968,0.45634,0.53592,0.68821,0.53693,0.42176,substandard
paracetamol_500mg,substandard_0642,0.35607,0.45068,0.60509,0.66833,0.53319,0.44012,substandard
paracetamol_500mg,original_0083,0.3341,0.42999,0.63705,0.74455,0.50124,0.44085,original
paracetamol_500mg,original_0240,0.31505,0.39722,0.6263,0.69143,0.47501,0.41873,original
paracetamol_500mg,substandard_0313,0.35737,0.44847,0.54662,0.70622,0.52735,0.37164,substandard
paracetamol_500mg,different_0747,0.30126,0.36654,0.70576,0.73861,0.60149,0.49894,different
paracetamol_500mg,substandard_0002,0.31554,0.46623,0.54853,0.71344,0.52594,0.43636,substandard
paracetamol_500mg,original_0226,0.29625,0.39021,0.63227,0.69645,0.47403,0.36533,original
paracetamol_500mg,substandard_0961,0.34181,0.46003,0.61364,0.71142,0.56222,0.45453,substandard
paracetamol_500mg,substandard_0166,0.34343,0.43097,0.59611,0.6849,0.52403,0.46092,substandard
paracetamol_500mg,original_0164,0.33557,0.41351,0.65792,0.71506,0.44539,0.3879,original
paracetamol_500mg,substandard_0949,0.30774,0.46849,0.57602,0.6638,0.47966,0.47372,substandard
paracetamol_500mg,substandard_0666,0.38978,0.46563,0.56547,0.72512,0.54136,0.43758,substandard
paracetamol_500mg,different_0108,0.23334,0.33537,0.6495,0.72506,0.52322,0.48278,different
paracetamol_500mg,different_0604,0.26163,0.35489,0.67683,0.75973,0.58271,0.48208,different
paracetamol_500mg,original_0011,0.32325,0.41747,0.63612,0.76335,0.47058,0.34693,original
paracetamol_500mg,original_0242,0.34514,0.42356,0.61823,0.72232,0.48685,0.42517,original
paracetamol_500mg,substandard_0963,0.33396,0.47458,0.55141,0.70605,0.5604,0.41958,substandard
paracetamol_500mg,substandard_0578,0.32877,0.40586,0.56304,0.6688,0.46038,0.39068,substandard
paracetamol_500mg,different_0471,0.27184,0.36341,0.67055,0.8351,0.65038,0.50311,different
paracetamol_500mg,different_0318,0.3284,0.33516,0.66859,0.78854,0.59973,0.49944,different
paracetamol_500mg,different_0346,0.25351,0.35936,0.71842,0.75322,0.54713,0.4886,different
paracetamol_500mg,original_0205,0.28909,0.44575,0.62943,0.72336,0.46289,0.37446,original
paracetamol_500mg,substandard_0798,0.31965,0.42347,0.56385,0.71805,0.53071,0.43173,substandard
paracetamol_500mg,substandard_0432,0.40394,0.49333,0.63077,0.7159,0.52975,0.44945,substandard
paracetamol_500mg,substandard_0164,0.31639,0.48306,0.53968,0.69675,0.50468,0.42556,substandard
paracetamol_500mg,different_0919,0.25193,0.37883,0.66438,0.80574,0.57344,0.53592,different
paracetamol_500mg,substandard_0870,0.34923,0.46904,0.57177,0.69333,0.53836,0.44233,substandard
paracetamol_500mg,original_0457,0.28342,0.45834,0.57036,0.72744,0.4409,0.35955,original
paracetamol_500mg,original_0109,0.30814,0.43351,0.59029,0.71251,0.45295,0.35213,original
paracetamol_500mg,substandard_0958,0.35286,0.46272,0.59797,0.7641,0.48991,0.44149,substandard
paracetamol_500mg,substandard_0368,0.37389,0.47194,0.60087,0.69007,0.50337,0.44912,substandard
paracetamol_500mg,substandard_0811,0.32458,0.44713,0.58823,0.6938,0.48934,0.4483,substandard
paracetamol_500mg,substandard_0236,0.35228,0.46041,0.61169,0.68179,0.51522,0.43004,substandard
paracetamol_500mg,substandard_0829,0.28196,0.48368,0.53568,0.65419,0.5114,0.43759,substandard
paracetamol_500mg,different_0458,0.2502,0.35528,0.68716,0.78159,0.54797,0.49517,different
paracetamol_500mg,original_0171,0.33581,0.45594,0.65793,0.75085,0.47877,0.42438,original
paracetamol_500mg,different_0208,0.24739,0.39471,0.65123,0.72667,0.53512,0.42038,different
paracetamol_500mg,substandard_0066,0.36186,0.44101,0.57641,0.68727,0.56092,0.40324,substandard
paracetamol_500mg,different_0092,0.24838,0.34582,0.62944,0.72915,0.50034,0.45105,different
paracetamol_500mg,original_0933,0.32348,0.4496,0.62182,0.72868,0.52727,0.42939,original
paracetamol_500mg,original_0590,0.28318,0.43116,0.59367,0.7124,0.49663,0.35828,original
paracetamol_500mg,original_0594,0.2455,0.4202,0.60315,0.70002,0.43,0.34593,original
paracetamol_500mg,substandard_0617,0.36514,0.44849,0.60226,0.69875,0.51942,0.44173,substandard
paracetamol_500mg,different_0793,0.26362,0.40529,0.69587,0.81561,0.57923,0.50485,different
paracetamol_500mg,original_0126,0.34473,0.47813,0.62823,0.79817,0.50836,0.42731,original
paracetamol_500mg,different_0231,0.27763,0.38469,0.63003,0.77267,0.55198,0.46539,different
paracetamol_500mg,original_0561,0.28012,0.42477,0.60949,0.73086,0.45937,0.43042,original
paracetamol_500mg,different_0198,0.25328,0.38969,0.66829,0.75481,0.56859,0.50721,different
paracetamol_500mg,original_0789,0.28727,0.42272,0.63233,0.71932,0.47218,0.39369,original
paracetamol_500mg,different_0589,0.29308,0.38573,0.67828,0.82958,0.59288,0.53773,different
paracetamol_500mg,substandard_0830,0.31887,0.43988,0.55427,0.68112,0.48446,0.42815,substandard
paracetamol_500mg,original_0522,0.28308,0.39667,0.57841,0.69968,0.46903,0.40043,original
paracetamol_500mg,substandard_0038,0.35749,0.46218,0.5768,0.69219,0.52865,0.46383,substandard
paracetamol_500mg,substandard_0850,0.37407,0.47264,0.53479,0.69227,0.53443,0.45665,substandard
paracetamol_500mg,original_0755,0.31869,0.42766,0.62634,0.70036,0.48867,0.39932,original
paracetamol_500mg,substandard_0676,0.28645,0.44838,0.55174,0.66824,0.51008,0.44879,substandard
paracetamol_500mg,different_0602,0.33016,0.36913,0.75241,0.81071,0.54207,0.51356,different
paracetamol_500mg,different_0617,0.28908,0.36413,0.70073,0.79287,0.56122,0.46862,different
paracetamol_500mg,substandard_0918,0.35462,0.48003,0.54868,0.71264,0.48663,0.4905,substandard
paracetamol_500mg,original_0206,0.32474,0.45001,0.62138,0.70809,0.4528,0.38307,original
paracetamol_500mg,substandard_0792,0.35477,0.47848,0.57362,0.69577,0.5428,0.41237,substandard
paracetamol_500mg,original_0919,0.29303,0.44051,0.56647,0.69474,0.48591,0.40628,original
paracetamol_500mg,original_0834,0.34121,0.39988,0.62449,0.69632,0.51558,0.39773,original
paracetamol_500mg,substandard_0388,0.33603,0.48245,0.55628,0.66817,0.47159,0.38786,substandard
paracetamol_500mg,substandard_0144,0.3406,0.46628,0.552,0.68245,0.52462,0.44774,substandard
paracetamol_500mg,substandard_0462,0.34168,0.46853,0.58369,0.66792,0.50388,0.41199,substandard
paracetamol_500mg,different_0303,0.27968,0.38577,0.66458,0.81334,0.60057,0.54965,different
paracetamol_500mg,substandard_0116,0.29914,0.42823,0.53449,0.66822,0.5494,0.38563,substandard
paracetamol_500mg,original_0622,0.30122,0.43094,0.61267,0.73092,0.47506,0.38719,original
paracetamol_500mg,original_0856,0.30136,0.40295,0.60684,0.69808,0.49368,0.40229,original
paracetamol_500mg,substandard_0424,0.34119,0.50768,0.57129,0.68358,0.52329,0.40565,substandard
paracetamol_500mg,substandard_0013,0.32256,0.40256,0.52578,0.6833,0.54726,0.4716,substandard
paracetamol_500mg,different_0263,0.27999,0.35607,0.66036,0.73763,0.55216,0.48694,different
paracetamol_500mg,substandard_0526,0.33246,0.45206,0.57755,0.68919,0.54474,0.47518,substandard
paracetamol_500mg,different_0256,0.27688,0.33572,0.65325,0.7487,0.57163,0.46837,different
paracetamol_500mg,substandard_0346,0.39977,0.46481,0.55628,0.68641,0.56369,0.42197,substandard
paracetamol_500mg,substandard_0561,0.30985,0.45606,0.5648,0.65838,0.52366,0.39538,substandard
paracetamol_500mg,different_0591,0.24952,0.386,0.67313,0.76496,0.55878,0.45878,different
paracetamol_500mg,original_0858,0.3041,0.42943,0.59855,0.74121,0.51143,0.33775,original
paracetamol_500mg,different_0603,0.21358,0.35485,0.64534,0.75223,0.54932,0.42859,different
paracetamol_500mg,different_0677,0.26266,0.3704,0.63019,0.7526,0.56462,0.45808,different
paracetamol_500mg,original_0187,0.28341,0.43268,0.59567,0.72906,0.50152,0.39359,original
paracetamol_500mg,substandard_0478,0.31232,0.48767,0.6064,0.72425,0.59595,0.47776,substandard
paracetamol_500mg,substandard_0145,0.34333,0.49246,0.55484,0.73905,0.53441,0.45993,substandard
paracetamol_500mg,original_0513,0.29395,0.38308,0.60915,0.70175,0.44706,0.39896,original
paracetamol_500mg,different_0686,0.28434,0.33411,0.64128,0.7362,0.58206,0.47789,different
paracetamol_500mg,original_0463,0.30366,0.43258,0.6599,0.75477,0.5093,0.38288,original
paracetamol_500mg,substandard_0269,0.3672,0.445,0.57298,0.72199,0.53771,0.45593,substandard
paracetamol_500mg,original_0762,0.3237,0.40259,0.59437,0.7107,0.49111,0.39667,original
paracetamol_500mg,original_0771,0.2984,0.41762,0.59241,0.71156,0.52322,0.34838,original
paracetamol_500mg,original_0824,0.34583,0.42873,0.64542,0.75501,0.51556,0.41903,original
paracetamol_500mg,original_0871,0.29591,0.4002,0.59395,0.67886,0.45495,0.33495,original
paracetamol_500mg,substandard_0581,0.31813,0.44119,0.56858,0.71203,0.51918,0.44787,substandard
paracetamol_500mg,substandard_0616,0.35134,0.43367,0.60763,0.70123,0.52491,0.43801,substandard
paracetamol_500mg,different_0007,0.30019,0.37679,0.67806,0.78601,0.56491,0.50953,different
paracetamol_500mg,different_0243,0.32319,0.38751,0.70554,0.83367,0.61935,0.50285,different
paracetamol_500mg,original_0758,0.31091,0.42872,0.64454,0.75049,0.49572,0.41256,original
paracetamol_500mg,substandard_0069,0.36436,0.47163,0.54927,0.7023,0.53251,0.41704,substandard
paracetamol_500mg,different_0315,0.24797,0.3724,0.63486,0.80963,0.55536,0.49427,different
paracetamol_500mg,original_0948,0.27959,0.39676,0.56479,0.72352,0.46888,0.37942,original
paracetamol_500mg,different_0874,0.29837,0.37868,0.67833,0.79024,0.56061,0.49677,different
paracetamol_500mg,substandard_0717,0.36195,0.50097,0.56611,0.70455,0.49506,0.42234,substandard
paracetamol_500mg,original_0857,0.27775,0.41126,0.59817,0.7117,0.46538,0.43386,original
paracetamol_500mg,substandard_0075,0.3452,0.47859,0.62032,0.6876,0.54047,0.44694,substandard
paracetamol_500mg,substandard_0202,0.29077,0.43931,0.53375,0.65955,0.51043,0.43433,substandard
paracetamol_500mg,original_0971,0.31189,0.43492,0.6217,0.70501,0.43694,0.33699,original
paracetamol_500mg,substandard_0813,0.37154,0.47239,0.55391,0.65564,0.51693,0.4441,substandard
paracetamol_500mg,substandard_0794,0.36399,0.46477,0.60529,0.6781,0.54823,0.44195,substandard
paracetamol_500mg,different_0143,0.25324,0.39136,0.6421,0.73846,0.56569,0.47885,different
paracetamol_500mg,original_0389,0.33245,0.39584,0.65575,0.73535,0.47829,0.4072,original
